[debug] [2026-04-05T14:37:37.033Z] ----------------------------------------------------------------------
[debug] [2026-04-05T14:37:37.036Z] Command:       /home/anil/.nvm/versions/node/v20.20.1/bin/node /home/anil/.nvm/versions/node/v20.20.1/bin/firebase deploy --only functions
[debug] [2026-04-05T14:37:37.036Z] CLI Version:   15.13.0
[debug] [2026-04-05T14:37:37.037Z] Platform:      linux
[debug] [2026-04-05T14:37:37.037Z] Node Version:  v20.20.1
[debug] [2026-04-05T14:37:37.037Z] Time:          Sun Apr 05 2026 20:07:37 GMT+0530 (India Standard Time)
[debug] [2026-04-05T14:37:37.037Z] ----------------------------------------------------------------------
[debug] 
[debug] [2026-04-05T14:37:39.433Z] > command requires scopes: ["email","openid","https://www.googleapis.com/auth/cloudplatformprojects.readonly","https://www.googleapis.com/auth/firebase","https://www.googleapis.com/auth/cloud-platform"]
[debug] [2026-04-05T14:37:39.434Z] > authorizing via signed-in user (sunilchowdary35@gmail.com)
[debug] [2026-04-05T14:37:39.435Z] [iam] checking project cricket-prediction-app-a0f1c for permissions ["cloudfunctions.functions.create","cloudfunctions.functions.delete","cloudfunctions.functions.get","cloudfunctions.functions.list","cloudfunctions.functions.update","cloudfunctions.operations.get","firebase.projects.get"]
[debug] [2026-04-05T14:37:39.437Z] Checked if tokens are valid: true, expires at: 1775402462479
[debug] [2026-04-05T14:37:39.437Z] Checked if tokens are valid: true, expires at: 1775402462479
[debug] [2026-04-05T14:37:39.439Z] >>> [apiv2][query] POST https://cloudresourcemanager.googleapis.com/v1/projects/cricket-prediction-app-a0f1c:testIamPermissions [none]
[debug] [2026-04-05T14:37:39.439Z] >>> [apiv2][(partial)header] POST https://cloudresourcemanager.googleapis.com/v1/projects/cricket-prediction-app-a0f1c:testIamPermissions  x-goog-user-project=cricket-prediction-app-a0f1c
[debug] [2026-04-05T14:37:39.440Z] >>> [apiv2][body] POST https://cloudresourcemanager.googleapis.com/v1/projects/cricket-prediction-app-a0f1c:testIamPermissions {"permissions":["cloudfunctions.functions.create","cloudfunctions.functions.delete","cloudfunctions.functions.get","cloudfunctions.functions.list","cloudfunctions.functions.update","cloudfunctions.operations.get","firebase.projects.get"]}
[debug] [2026-04-05T14:37:41.153Z] <<< [apiv2][status] POST https://cloudresourcemanager.googleapis.com/v1/projects/cricket-prediction-app-a0f1c:testIamPermissions 200
[debug] [2026-04-05T14:37:41.154Z] <<< [apiv2][body] POST https://cloudresourcemanager.googleapis.com/v1/projects/cricket-prediction-app-a0f1c:testIamPermissions {"permissions":["cloudfunctions.functions.create","cloudfunctions.functions.delete","cloudfunctions.functions.get","cloudfunctions.functions.list","cloudfunctions.functions.update","cloudfunctions.operations.get","firebase.projects.get"]}
[debug] [2026-04-05T14:37:41.155Z] Checked if tokens are valid: true, expires at: 1775402462479
[debug] [2026-04-05T14:37:41.155Z] Checked if tokens are valid: true, expires at: 1775402462479
[debug] [2026-04-05T14:37:41.156Z] >>> [apiv2][query] POST https://iam.googleapis.com/v1/projects/cricket-prediction-app-a0f1c/serviceAccounts/cricket-prediction-app-a0f1c@appspot.gserviceaccount.com:testIamPermissions [none]
[debug] [2026-04-05T14:37:41.156Z] >>> [apiv2][body] POST https://iam.googleapis.com/v1/projects/cricket-prediction-app-a0f1c/serviceAccounts/cricket-prediction-app-a0f1c@appspot.gserviceaccount.com:testIamPermissions {"permissions":["iam.serviceAccounts.actAs"]}
[debug] [2026-04-05T14:37:42.868Z] <<< [apiv2][status] POST https://iam.googleapis.com/v1/projects/cricket-prediction-app-a0f1c/serviceAccounts/cricket-prediction-app-a0f1c@appspot.gserviceaccount.com:testIamPermissions 200
[debug] [2026-04-05T14:37:42.869Z] <<< [apiv2][body] POST https://iam.googleapis.com/v1/projects/cricket-prediction-app-a0f1c/serviceAccounts/cricket-prediction-app-a0f1c@appspot.gserviceaccount.com:testIamPermissions {"permissions":["iam.serviceAccounts.actAs"]}
[info] 
[info] === Deploying to 'cricket-prediction-app-a0f1c'...
[info] 
[info] i  deploying functions 
[info] Running command: npm --prefix "$RESOURCE_DIR" run build
[info] ✔  functions: Finished running predeploy script. 
[debug] [2026-04-05T14:37:45.884Z] Checked if tokens are valid: true, expires at: 1775402462479
[debug] [2026-04-05T14:37:45.885Z] Checked if tokens are valid: true, expires at: 1775402462479
[debug] [2026-04-05T14:37:45.885Z] >>> [apiv2][query] GET https://cloudresourcemanager.googleapis.com/v1/projects/cricket-prediction-app-a0f1c [none]
[debug] [2026-04-05T14:37:46.214Z] <<< [apiv2][status] GET https://cloudresourcemanager.googleapis.com/v1/projects/cricket-prediction-app-a0f1c 200
[debug] [2026-04-05T14:37:46.215Z] <<< [apiv2][body] GET https://cloudresourcemanager.googleapis.com/v1/projects/cricket-prediction-app-a0f1c {"projectNumber":"735213023668","projectId":"cricket-prediction-app-a0f1c","lifecycleState":"ACTIVE","name":"Cricket Prediction App","labels":{"firebase":"enabled","firebase-core":"disabled"},"createTime":"2026-02-21T10:57:43.504786Z"}
[info] i  functions: preparing codebase default for deployment 
[info] i  functions: ensuring required API cloudfunctions.googleapis.com is enabled... 
[info] i  functions: ensuring required API cloudbuild.googleapis.com is enabled... 
[info] i  artifactregistry: ensuring required API artifactregistry.googleapis.com is enabled... 
[debug] [2026-04-05T14:37:46.218Z] Checked if tokens are valid: true, expires at: 1775402462479
[debug] [2026-04-05T14:37:46.219Z] Checked if tokens are valid: true, expires at: 1775402462479
[debug] [2026-04-05T14:37:46.219Z] >>> [apiv2][query] GET https://firebase.googleapis.com/v1beta1/projects/cricket-prediction-app-a0f1c/adminSdkConfig [none]
[debug] [2026-04-05T14:37:47.009Z] <<< [apiv2][status] GET https://firebase.googleapis.com/v1beta1/projects/cricket-prediction-app-a0f1c/adminSdkConfig 200
[debug] [2026-04-05T14:37:47.009Z] <<< [apiv2][body] GET https://firebase.googleapis.com/v1beta1/projects/cricket-prediction-app-a0f1c/adminSdkConfig {"projectId":"cricket-prediction-app-a0f1c","databaseURL":"https://cricket-prediction-app-a0f1c-default-rtdb.firebaseio.com","storageBucket":"cricket-prediction-app-a0f1c.firebasestorage.app"}
[debug] [2026-04-05T14:37:47.015Z] Validating nodejs source
[debug] [2026-04-05T14:37:48.185Z] > [functions] package.json contents: {
  "name": "functions",
  "scripts": {
    "build": "tsc",
    "build:watch": "tsc --watch",
    "serve": "npm run build && firebase emulators:start --only functions",
    "shell": "npm run build && firebase functions:shell",
    "start": "npm run shell",
    "deploy": "firebase deploy --only functions",
    "logs": "firebase functions:log"
  },
  "engines": {
    "node": "22"
  },
  "main": "lib/index.js",
  "dependencies": {
    "@react-native-firebase/firestore": "^23.8.8",
    "axios": "^1.13.5",
    "dotenv": "^17.3.1",
    "firebase-admin": "^13.6.0",
    "firebase-functions": "^7.2.3"
  },
  "devDependencies": {
    "firebase-functions-test": "^3.4.1",
    "firebase-tools": "^15.11.0",
    "typescript": "^5.7.3"
  },
  "private": true
}
[debug] [2026-04-05T14:37:48.186Z] Building nodejs source
[info] i  functions: Loading and analyzing source code for codebase default to determine what to deploy 
[debug] [2026-04-05T14:37:48.190Z] Could not find functions.yaml. Must use http discovery
[debug] [2026-04-05T14:37:48.207Z] Found firebase-functions binary at '/home/anil/mar_1/CricketPredictionApp/functions/node_modules/.bin/firebase-functions'
[info] Serving at port 8706

[info] {"structuredData":true,"severity":"INFO","message":"Cricket Functions ready ✅"}

[debug] [2026-04-05T14:37:49.321Z] Got response from /__/functions.yaml {"endpoints":{"cricketMaster":{"availableMemoryMb":256,"timeoutSeconds":120,"minInstances":null,"maxInstances":10,"ingressSettings":null,"concurrency":null,"serviceAccountEmail":null,"vpc":null,"platform":"gcfv2","region":["us-central1"],"labels":{},"scheduleTrigger":{"schedule":"every 1 minutes","retryConfig":{}},"entryPoint":"cricketMaster"},"predictMatch":{"availableMemoryMb":null,"timeoutSeconds":null,"minInstances":null,"maxInstances":10,"ingressSettings":null,"concurrency":null,"serviceAccountEmail":null,"vpc":null,"platform":"gcfv2","secretEnvironmentVariables":[{"key":"FUNCTIONS_CONFIG_EXPORT"}],"labels":{},"callableTrigger":{},"entryPoint":"predictMatch"}},"specVersion":"v1alpha1","requiredAPIs":[{"api":"cloudscheduler.googleapis.com","reason":"Needed for scheduled functions."}],"extensions":{},"params":[{"type":"secret","name":"FUNCTIONS_CONFIG_EXPORT"}]}
[info] i  extensions: ensuring required API firebaseextensions.googleapis.com is enabled... 
[debug] [2026-04-05T14:37:53.382Z] > command requires scopes: ["email","openid","https://www.googleapis.com/auth/cloudplatformprojects.readonly","https://www.googleapis.com/auth/firebase","https://www.googleapis.com/auth/cloud-platform"]
[debug] [2026-04-05T14:37:53.382Z] > authorizing via signed-in user (sunilchowdary35@gmail.com)
[debug] [2026-04-05T14:37:53.383Z] [iam] checking project cricket-prediction-app-a0f1c for permissions ["firebase.projects.get","firebaseextensions.instances.list"]
[debug] [2026-04-05T14:37:53.383Z] Checked if tokens are valid: true, expires at: 1775402462479
[debug] [2026-04-05T14:37:53.383Z] Checked if tokens are valid: true, expires at: 1775402462479
[debug] [2026-04-05T14:37:53.384Z] >>> [apiv2][query] POST https://cloudresourcemanager.googleapis.com/v1/projects/cricket-prediction-app-a0f1c:testIamPermissions [none]
[debug] [2026-04-05T14:37:53.384Z] >>> [apiv2][(partial)header] POST https://cloudresourcemanager.googleapis.com/v1/projects/cricket-prediction-app-a0f1c:testIamPermissions  x-goog-user-project=cricket-prediction-app-a0f1c
[debug] [2026-04-05T14:37:53.384Z] >>> [apiv2][body] POST https://cloudresourcemanager.googleapis.com/v1/projects/cricket-prediction-app-a0f1c:testIamPermissions {"permissions":["firebase.projects.get","firebaseextensions.instances.list"]}
[debug] [2026-04-05T14:37:54.850Z] <<< [apiv2][status] POST https://cloudresourcemanager.googleapis.com/v1/projects/cricket-prediction-app-a0f1c:testIamPermissions 200
[debug] [2026-04-05T14:37:54.850Z] <<< [apiv2][body] POST https://cloudresourcemanager.googleapis.com/v1/projects/cricket-prediction-app-a0f1c:testIamPermissions {"permissions":["firebase.projects.get","firebaseextensions.instances.list"]}
[debug] [2026-04-05T14:37:54.852Z] Checked if tokens are valid: true, expires at: 1775402462479
[debug] [2026-04-05T14:37:54.852Z] Checked if tokens are valid: true, expires at: 1775402462479
[debug] [2026-04-05T14:37:54.854Z] >>> [apiv2][query] GET https://firebaseextensions.googleapis.com/v1beta/projects/cricket-prediction-app-a0f1c/instances pageSize=100&pageToken=
[debug] [2026-04-05T14:37:56.509Z] <<< [apiv2][status] GET https://firebaseextensions.googleapis.com/v1beta/projects/cricket-prediction-app-a0f1c/instances 200
[debug] [2026-04-05T14:37:56.510Z] <<< [apiv2][body] GET https://firebaseextensions.googleapis.com/v1beta/projects/cricket-prediction-app-a0f1c/instances {}
[debug] [2026-04-05T14:37:56.516Z] Checked if tokens are valid: true, expires at: 1775402462479
[debug] [2026-04-05T14:37:56.517Z] Checked if tokens are valid: true, expires at: 1775402462479
[debug] [2026-04-05T14:37:56.517Z] >>> [apiv2][query] GET https://secretmanager.googleapis.com/v1/projects/cricket-prediction-app-a0f1c/secrets/FUNCTIONS_CONFIG_EXPORT [none]
[debug] [2026-04-05T14:37:57.408Z] <<< [apiv2][status] GET https://secretmanager.googleapis.com/v1/projects/cricket-prediction-app-a0f1c/secrets/FUNCTIONS_CONFIG_EXPORT 200
[debug] [2026-04-05T14:37:57.409Z] <<< [apiv2][body] GET https://secretmanager.googleapis.com/v1/projects/cricket-prediction-app-a0f1c/secrets/FUNCTIONS_CONFIG_EXPORT {"name":"projects/735213023668/secrets/FUNCTIONS_CONFIG_EXPORT","replication":{"automatic":{}},"createTime":"2026-02-21T11:28:38.644684Z","labels":{"firebase-managed":"functions"},"etag":"\"164b53d6ebd141\""}
[debug] [2026-04-05T14:37:57.411Z] Checked if tokens are valid: true, expires at: 1775402462479
[debug] [2026-04-05T14:37:57.412Z] Checked if tokens are valid: true, expires at: 1775402462479
[debug] [2026-04-05T14:37:57.412Z] >>> [apiv2][query] GET https://secretmanager.googleapis.com/v1/projects/cricket-prediction-app-a0f1c/secrets/FUNCTIONS_CONFIG_EXPORT/versions/latest [none]
[debug] [2026-04-05T14:37:57.883Z] <<< [apiv2][status] GET https://secretmanager.googleapis.com/v1/projects/cricket-prediction-app-a0f1c/secrets/FUNCTIONS_CONFIG_EXPORT/versions/latest 200
[debug] [2026-04-05T14:37:57.883Z] <<< [apiv2][body] GET https://secretmanager.googleapis.com/v1/projects/cricket-prediction-app-a0f1c/secrets/FUNCTIONS_CONFIG_EXPORT/versions/latest {"name":"projects/735213023668/secrets/FUNCTIONS_CONFIG_EXPORT/versions/1","createTime":"2026-02-21T11:28:45.310544Z","state":"ENABLED","replicationStatus":{"automatic":{}},"etag":"\"164b53d7369250\""}
[info] i  functions: preparing functions directory for uploading... 
[info] i  functions: packaged /home/anil/mar_1/CricketPredictionApp/functions (181.09 KB) for uploading 
[debug] [2026-04-05T14:37:58.041Z] Checked if tokens are valid: true, expires at: 1775402462479
[debug] [2026-04-05T14:37:58.041Z] Checked if tokens are valid: true, expires at: 1775402462479
[debug] [2026-04-05T14:37:58.041Z] >>> [apiv2][query] GET https://cloudfunctions.googleapis.com/v1/projects/cricket-prediction-app-a0f1c/locations/-/functions [none]
[debug] [2026-04-05T14:37:59.083Z] <<< [apiv2][status] GET https://cloudfunctions.googleapis.com/v1/projects/cricket-prediction-app-a0f1c/locations/-/functions 200
[debug] [2026-04-05T14:37:59.084Z] <<< [apiv2][body] GET https://cloudfunctions.googleapis.com/v1/projects/cricket-prediction-app-a0f1c/locations/-/functions {}
[debug] [2026-04-05T14:37:59.085Z] Checked if tokens are valid: true, expires at: 1775402462479
[debug] [2026-04-05T14:37:59.085Z] Checked if tokens are valid: true, expires at: 1775402462479
[debug] [2026-04-05T14:37:59.086Z] >>> [apiv2][query] GET https://cloudfunctions.googleapis.com/v2/projects/cricket-prediction-app-a0f1c/locations/-/functions filter=environment%3D%22GEN_2%22
[debug] [2026-04-05T14:38:01.035Z] <<< [apiv2][status] GET https://cloudfunctions.googleapis.com/v2/projects/cricket-prediction-app-a0f1c/locations/-/functions 200
[debug] [2026-04-05T14:38:01.035Z] <<< [apiv2][body] GET https://cloudfunctions.googleapis.com/v2/projects/cricket-prediction-app-a0f1c/locations/-/functions {"functions":[{"name":"projects/cricket-prediction-app-a0f1c/locations/us-central1/functions/predictMatch","buildConfig":{"build":"projects/735213023668/locations/us-central1/builds/143dfe1b-cea8-4afa-b751-1a1a30d41f5f","runtime":"nodejs22","entryPoint":"predictMatch","source":{"storageSource":{"bucket":"gcf-v2-sources-735213023668-us-central1","object":"predictMatch/function-source.zip","generation":"1775398895430585"}},"environmentVariables":{"GOOGLE_NODE_RUN_SCRIPTS":""},"dockerRepository":"projects/cricket-prediction-app-a0f1c/locations/us-central1/repositories/gcf-artifacts","sourceProvenance":{"resolvedStorageSource":{"bucket":"gcf-v2-sources-735213023668-us-central1","object":"predictMatch/function-source.zip","generation":"1775398895430585"}},"dockerRegistry":"ARTIFACT_REGISTRY","serviceAccount":"projects/cricket-prediction-app-a0f1c/serviceAccounts/735213023668-compute@developer.gserviceaccount.com","automaticUpdatePolicy":{}},"serviceConfig":{"service":"projects/cricket-prediction-app-a0f1c/locations/us-central1/services/predictmatch","timeoutSeconds":60,"environmentVariables":{"FIREBASE_CONFIG":"{\"projectId\":\"cricket-prediction-app-a0f1c\",\"databaseURL\":\"https://cricket-prediction-app-a0f1c-default-rtdb.firebaseio.com\",\"storageBucket\":\"cricket-prediction-app-a0f1c.firebasestorage.app\"}","GCLOUD_PROJECT":"cricket-prediction-app-a0f1c","EVENTARC_CLOUD_EVENT_SOURCE":"projects/cricket-prediction-app-a0f1c/locations/us-central1/services/predictMatch","FUNCTION_TARGET":"predictMatch","LOG_EXECUTION_ID":"true"},"maxInstanceCount":10,"ingressSettings":"ALLOW_ALL","uri":"https://predictmatch-bln23it7tq-uc.a.run.app","serviceAccountEmail":"735213023668-compute@developer.gserviceaccount.com","availableMemory":"256Mi","allTrafficOnLatestRevision":true,"secretEnvironmentVariables":[{"key":"FUNCTIONS_CONFIG_EXPORT","projectId":"cricket-prediction-app-a0f1c","secret":"FUNCTIONS_CONFIG_EXPORT","version":"1"}],"revision":"predictmatch-00016-dax","maxInstanceRequestConcurrency":80,"availableCpu":"1"},"state":"ACTIVE","updateTime":"2026-04-05T14:22:51.348673473Z","labels":{"deployment-tool":"cli-firebase","deployment-callable":"true","firebase-functions-hash":"b75e006029e26e0c81a30444fe391ea4ce9bacf7"},"environment":"GEN_2","url":"https://us-central1-cricket-prediction-app-a0f1c.cloudfunctions.net/predictMatch","createTime":"2026-02-21T11:37:26.338765701Z","satisfiesPzi":true},{"name":"projects/cricket-prediction-app-a0f1c/locations/us-central1/functions/cricketMaster","buildConfig":{"build":"projects/735213023668/locations/us-central1/builds/9f97e6a4-f94e-4f82-9cad-7ac7270a2741","runtime":"nodejs22","entryPoint":"cricketMaster","source":{"storageSource":{"bucket":"gcf-v2-sources-735213023668-us-central1","object":"cricketMaster/function-source.zip","generation":"1775398895399727"}},"environmentVariables":{"GOOGLE_NODE_RUN_SCRIPTS":""},"dockerRepository":"projects/cricket-prediction-app-a0f1c/locations/us-central1/repositories/gcf-artifacts","sourceProvenance":{"resolvedStorageSource":{"bucket":"gcf-v2-sources-735213023668-us-central1","object":"cricketMaster/function-source.zip","generation":"1775398895399727"}},"dockerRegistry":"ARTIFACT_REGISTRY","serviceAccount":"projects/cricket-prediction-app-a0f1c/serviceAccounts/735213023668-compute@developer.gserviceaccount.com","automaticUpdatePolicy":{}},"serviceConfig":{"service":"projects/cricket-prediction-app-a0f1c/locations/us-central1/services/cricketmaster","timeoutSeconds":120,"environmentVariables":{"FIREBASE_CONFIG":"{\"projectId\":\"cricket-prediction-app-a0f1c\",\"databaseURL\":\"https://cricket-prediction-app-a0f1c-default-rtdb.firebaseio.com\",\"storageBucket\":\"cricket-prediction-app-a0f1c.firebasestorage.app\"}","GCLOUD_PROJECT":"cricket-prediction-app-a0f1c","EVENTARC_CLOUD_EVENT_SOURCE":"projects/cricket-prediction-app-a0f1c/locations/us-central1/services/cricketMaster","FUNCTION_TARGET":"cricketMaster","LOG_EXECUTION_ID":"true"},"maxInstanceCount":10,"ingressSettings":"ALLOW_ALL","uri":"https://cricketmaster-bln23it7tq-uc.a.run.app","serviceAccountEmail":"735213023668-compute@developer.gserviceaccount.com","availableMemory":"256Mi","allTrafficOnLatestRevision":true,"revision":"cricketmaster-00008-qaw","maxInstanceRequestConcurrency":80,"availableCpu":"1"},"state":"ACTIVE","updateTime":"2026-04-05T14:22:51.057382014Z","labels":{"firebase-functions-hash":"313bfa49f8539e2773e87b0eeae37ee9b3c75af3","deployment-tool":"cli-firebase","deployment-scheduled":"true"},"environment":"GEN_2","url":"https://us-central1-cricket-prediction-app-a0f1c.cloudfunctions.net/cricketMaster","createTime":"2026-03-22T15:02:51.075059490Z","satisfiesPzi":true}]}
[info] i  functions: ensuring required API cloudscheduler.googleapis.com is enabled... 
[info] i  functions: ensuring required API run.googleapis.com is enabled... 
[info] i  functions: ensuring required API eventarc.googleapis.com is enabled... 
[info] i  functions: ensuring required API pubsub.googleapis.com is enabled... 
[info] i  functions: ensuring required API storage.googleapis.com is enabled... 
[info] i  functions: generating the service identity for pubsub.googleapis.com... 
[debug] [2026-04-05T14:38:01.057Z] Checked if tokens are valid: true, expires at: 1775402462479
[debug] [2026-04-05T14:38:01.057Z] Checked if tokens are valid: true, expires at: 1775402462479
[info] i  functions: generating the service identity for eventarc.googleapis.com... 
[debug] [2026-04-05T14:38:01.058Z] Checked if tokens are valid: true, expires at: 1775402462479
[debug] [2026-04-05T14:38:01.059Z] Checked if tokens are valid: true, expires at: 1775402462479
[debug] [2026-04-05T14:38:01.059Z] >>> [apiv2][query] POST https://serviceusage.googleapis.com/v1beta1/projects/735213023668/services/pubsub.googleapis.com:generateServiceIdentity [none]
[debug] [2026-04-05T14:38:01.059Z] >>> [apiv2][(partial)header] POST https://serviceusage.googleapis.com/v1beta1/projects/735213023668/services/pubsub.googleapis.com:generateServiceIdentity  x-goog-user-project=735213023668
[debug] [2026-04-05T14:38:01.060Z] >>> [apiv2][body] POST https://serviceusage.googleapis.com/v1beta1/projects/735213023668/services/pubsub.googleapis.com:generateServiceIdentity {}
[debug] [2026-04-05T14:38:01.065Z] >>> [apiv2][query] POST https://serviceusage.googleapis.com/v1beta1/projects/735213023668/services/eventarc.googleapis.com:generateServiceIdentity [none]
[debug] [2026-04-05T14:38:01.066Z] >>> [apiv2][(partial)header] POST https://serviceusage.googleapis.com/v1beta1/projects/735213023668/services/eventarc.googleapis.com:generateServiceIdentity  x-goog-user-project=735213023668
[debug] [2026-04-05T14:38:01.066Z] >>> [apiv2][body] POST https://serviceusage.googleapis.com/v1beta1/projects/735213023668/services/eventarc.googleapis.com:generateServiceIdentity {}
[debug] [2026-04-05T14:38:02.966Z] <<< [apiv2][status] POST https://serviceusage.googleapis.com/v1beta1/projects/735213023668/services/eventarc.googleapis.com:generateServiceIdentity 200
[debug] [2026-04-05T14:38:02.966Z] <<< [apiv2][body] POST https://serviceusage.googleapis.com/v1beta1/projects/735213023668/services/eventarc.googleapis.com:generateServiceIdentity {"name":"operations/finished.DONE_OPERATION","done":true,"response":{"@type":"type.googleapis.com/google.api.serviceusage.v1beta1.ServiceIdentity","email":"service-735213023668@gcp-sa-eventarc.iam.gserviceaccount.com","uniqueId":"116253427507438775436"}}
[debug] [2026-04-05T14:38:03.035Z] <<< [apiv2][status] POST https://serviceusage.googleapis.com/v1beta1/projects/735213023668/services/pubsub.googleapis.com:generateServiceIdentity 200
[debug] [2026-04-05T14:38:03.035Z] <<< [apiv2][body] POST https://serviceusage.googleapis.com/v1beta1/projects/735213023668/services/pubsub.googleapis.com:generateServiceIdentity {"name":"operations/finished.DONE_OPERATION","done":true,"response":{"@type":"type.googleapis.com/google.api.serviceusage.v1beta1.ServiceIdentity","email":"service-735213023668@gcp-sa-pubsub.iam.gserviceaccount.com","uniqueId":"108301199229496176140"}}
[info] i  functions: ensuring required API secretmanager.googleapis.com is enabled... 
[debug] [2026-04-05T14:38:03.044Z] Checked if tokens are valid: true, expires at: 1775402462479
[debug] [2026-04-05T14:38:03.045Z] Checked if tokens are valid: true, expires at: 1775402462479
[debug] [2026-04-05T14:38:03.046Z] >>> [apiv2][query] GET https://secretmanager.googleapis.com/v1/projects/cricket-prediction-app-a0f1c/secrets/FUNCTIONS_CONFIG_EXPORT/versions/latest [none]
[debug] [2026-04-05T14:38:03.806Z] <<< [apiv2][status] GET https://secretmanager.googleapis.com/v1/projects/cricket-prediction-app-a0f1c/secrets/FUNCTIONS_CONFIG_EXPORT/versions/latest 200
[debug] [2026-04-05T14:38:03.807Z] <<< [apiv2][body] GET https://secretmanager.googleapis.com/v1/projects/cricket-prediction-app-a0f1c/secrets/FUNCTIONS_CONFIG_EXPORT/versions/latest {"name":"projects/735213023668/secrets/FUNCTIONS_CONFIG_EXPORT/versions/1","createTime":"2026-02-21T11:28:45.310544Z","state":"ENABLED","replicationStatus":{"automatic":{}},"etag":"\"164b53d7369250\""}
[debug] [2026-04-05T14:38:03.807Z] Resolved secret version of FUNCTIONS_CONFIG_EXPORT to 1.
[debug] [2026-04-05T14:38:03.810Z] Checked if tokens are valid: true, expires at: 1775402462479
[debug] [2026-04-05T14:38:03.811Z] Checked if tokens are valid: true, expires at: 1775402462479
[debug] [2026-04-05T14:38:03.811Z] >>> [apiv2][query] GET https://cloudresourcemanager.googleapis.com/v1/projects/cricket-prediction-app-a0f1c [none]
[debug] [2026-04-05T14:38:05.318Z] <<< [apiv2][status] GET https://cloudresourcemanager.googleapis.com/v1/projects/cricket-prediction-app-a0f1c 200
[debug] [2026-04-05T14:38:05.319Z] <<< [apiv2][body] GET https://cloudresourcemanager.googleapis.com/v1/projects/cricket-prediction-app-a0f1c {"projectNumber":"735213023668","projectId":"cricket-prediction-app-a0f1c","lifecycleState":"ACTIVE","name":"Cricket Prediction App","labels":{"firebase":"enabled","firebase-core":"disabled"},"createTime":"2026-02-21T10:57:43.504786Z"}
[debug] [2026-04-05T14:38:05.322Z] Checked if tokens are valid: true, expires at: 1775402462479
[debug] [2026-04-05T14:38:05.323Z] Checked if tokens are valid: true, expires at: 1775402462479
[debug] [2026-04-05T14:38:05.323Z] >>> [apiv2][query] GET https://compute.googleapis.com/compute/v1/projects/735213023668 [none]
[debug] [2026-04-05T14:38:05.951Z] <<< [apiv2][status] GET https://compute.googleapis.com/compute/v1/projects/735213023668 403
[debug] [2026-04-05T14:38:05.952Z] <<< [apiv2][body] GET https://compute.googleapis.com/compute/v1/projects/735213023668 {"error":{"code":403,"message":"Compute Engine API has not been used in project 735213023668 before or it is disabled. Enable it by visiting https://console.developers.google.com/apis/api/compute.googleapis.com/overview?project=735213023668 then retry. If you enabled this API recently, wait a few minutes for the action to propagate to our systems and retry.","errors":[{"message":"Compute Engine API has not been used in project 735213023668 before or it is disabled. Enable it by visiting https://console.developers.google.com/apis/api/compute.googleapis.com/overview?project=735213023668 then retry. If you enabled this API recently, wait a few minutes for the action to propagate to our systems and retry.","domain":"usageLimits","reason":"accessNotConfigured","extendedHelp":"https://console.developers.google.com"}],"status":"PERMISSION_DENIED","details":[{"@type":"type.googleapis.com/google.rpc.ErrorInfo","reason":"SERVICE_DISABLED","domain":"googleapis.com","metadata":{"consumer":"projects/735213023668","containerInfo":"735213023668","service":"compute.googleapis.com","activationUrl":"https://console.developers.google.com/apis/api/compute.googleapis.com/overview?project=735213023668","serviceTitle":"Compute Engine API"}},{"@type":"type.googleapis.com/google.rpc.LocalizedMessage","locale":"en-US","message":"Compute Engine API has not been used in project 735213023668 before or it is disabled. Enable it by visiting https://console.developers.google.com/apis/api/compute.googleapis.com/overview?project=735213023668 then retry. If you enabled this API recently, wait a few minutes for the action to propagate to our systems and retry."},{"@type":"type.googleapis.com/google.rpc.Help","links":[{"description":"Google developers console API activation","url":"https://console.developers.google.com/apis/api/compute.googleapis.com/overview?project=735213023668"}]}]}}
[debug] [2026-04-05T14:38:05.954Z] unable to look up default compute service account. Falling back to 735213023668-compute@developer.gserviceaccount.com. Error: {"name":"FirebaseError","children":[],"context":{"body":{"error":{"code":403,"message":"Compute Engine API has not been used in project 735213023668 before or it is disabled. Enable it by visiting https://console.developers.google.com/apis/api/compute.googleapis.com/overview?project=735213023668 then retry. If you enabled this API recently, wait a few minutes for the action to propagate to our systems and retry.","errors":[{"message":"Compute Engine API has not been used in project 735213023668 before or it is disabled. Enable it by visiting https://console.developers.google.com/apis/api/compute.googleapis.com/overview?project=735213023668 then retry. If you enabled this API recently, wait a few minutes for the action to propagate to our systems and retry.","domain":"usageLimits","reason":"accessNotConfigured","extendedHelp":"https://console.developers.google.com"}],"status":"PERMISSION_DENIED","details":[{"@type":"type.googleapis.com/google.rpc.ErrorInfo","reason":"SERVICE_DISABLED","domain":"googleapis.com","metadata":{"consumer":"projects/735213023668","containerInfo":"735213023668","service":"compute.googleapis.com","activationUrl":"https://console.developers.google.com/apis/api/compute.googleapis.com/overview?project=735213023668","serviceTitle":"Compute Engine API"}},{"@type":"type.googleapis.com/google.rpc.LocalizedMessage","locale":"en-US","message":"Compute Engine API has not been used in project 735213023668 before or it is disabled. Enable it by visiting https://console.developers.google.com/apis/api/compute.googleapis.com/overview?project=735213023668 then retry. If you enabled this API recently, wait a few minutes for the action to propagate to our systems and retry."},{"@type":"type.googleapis.com/google.rpc.Help","links":[{"description":"Google developers console API activation","url":"https://console.developers.google.com/apis/api/compute.googleapis.com/overview?project=735213023668"}]}]}},"response":{"statusCode":403}},"exit":1,"message":"Request to https://compute.googleapis.com/compute/v1/projects/735213023668 had HTTP Error: 403, Compute Engine API has not been used in project 735213023668 before or it is disabled. Enable it by visiting https://console.developers.google.com/apis/api/compute.googleapis.com/overview?project=735213023668 then retry. If you enabled this API recently, wait a few minutes for the action to propagate to our systems and retry.","status":403}
[debug] [2026-04-05T14:38:05.955Z] Checked if tokens are valid: true, expires at: 1775402462479
[debug] [2026-04-05T14:38:05.955Z] Checked if tokens are valid: true, expires at: 1775402462479
[debug] [2026-04-05T14:38:05.956Z] >>> [apiv2][query] GET https://compute.googleapis.com/compute/v1/projects/735213023668 [none]
[debug] [2026-04-05T14:38:06.323Z] <<< [apiv2][status] GET https://compute.googleapis.com/compute/v1/projects/735213023668 403
[debug] [2026-04-05T14:38:06.324Z] <<< [apiv2][body] GET https://compute.googleapis.com/compute/v1/projects/735213023668 {"error":{"code":403,"message":"Compute Engine API has not been used in project 735213023668 before or it is disabled. Enable it by visiting https://console.developers.google.com/apis/api/compute.googleapis.com/overview?project=735213023668 then retry. If you enabled this API recently, wait a few minutes for the action to propagate to our systems and retry.","errors":[{"message":"Compute Engine API has not been used in project 735213023668 before or it is disabled. Enable it by visiting https://console.developers.google.com/apis/api/compute.googleapis.com/overview?project=735213023668 then retry. If you enabled this API recently, wait a few minutes for the action to propagate to our systems and retry.","domain":"usageLimits","reason":"accessNotConfigured","extendedHelp":"https://console.developers.google.com"}],"status":"PERMISSION_DENIED","details":[{"@type":"type.googleapis.com/google.rpc.ErrorInfo","reason":"SERVICE_DISABLED","domain":"googleapis.com","metadata":{"activationUrl":"https://console.developers.google.com/apis/api/compute.googleapis.com/overview?project=735213023668","consumer":"projects/735213023668","service":"compute.googleapis.com","serviceTitle":"Compute Engine API","containerInfo":"735213023668"}},{"@type":"type.googleapis.com/google.rpc.LocalizedMessage","locale":"en-US","message":"Compute Engine API has not been used in project 735213023668 before or it is disabled. Enable it by visiting https://console.developers.google.com/apis/api/compute.googleapis.com/overview?project=735213023668 then retry. If you enabled this API recently, wait a few minutes for the action to propagate to our systems and retry."},{"@type":"type.googleapis.com/google.rpc.Help","links":[{"description":"Google developers console API activation","url":"https://console.developers.google.com/apis/api/compute.googleapis.com/overview?project=735213023668"}]}]}}
[debug] [2026-04-05T14:38:06.325Z] unable to look up default compute service account. Falling back to 735213023668-compute@developer.gserviceaccount.com. Error: {"name":"FirebaseError","children":[],"context":{"body":{"error":{"code":403,"message":"Compute Engine API has not been used in project 735213023668 before or it is disabled. Enable it by visiting https://console.developers.google.com/apis/api/compute.googleapis.com/overview?project=735213023668 then retry. If you enabled this API recently, wait a few minutes for the action to propagate to our systems and retry.","errors":[{"message":"Compute Engine API has not been used in project 735213023668 before or it is disabled. Enable it by visiting https://console.developers.google.com/apis/api/compute.googleapis.com/overview?project=735213023668 then retry. If you enabled this API recently, wait a few minutes for the action to propagate to our systems and retry.","domain":"usageLimits","reason":"accessNotConfigured","extendedHelp":"https://console.developers.google.com"}],"status":"PERMISSION_DENIED","details":[{"@type":"type.googleapis.com/google.rpc.ErrorInfo","reason":"SERVICE_DISABLED","domain":"googleapis.com","metadata":{"activationUrl":"https://console.developers.google.com/apis/api/compute.googleapis.com/overview?project=735213023668","consumer":"projects/735213023668","service":"compute.googleapis.com","serviceTitle":"Compute Engine API","containerInfo":"735213023668"}},{"@type":"type.googleapis.com/google.rpc.LocalizedMessage","locale":"en-US","message":"Compute Engine API has not been used in project 735213023668 before or it is disabled. Enable it by visiting https://console.developers.google.com/apis/api/compute.googleapis.com/overview?project=735213023668 then retry. If you enabled this API recently, wait a few minutes for the action to propagate to our systems and retry."},{"@type":"type.googleapis.com/google.rpc.Help","links":[{"description":"Google developers console API activation","url":"https://console.developers.google.com/apis/api/compute.googleapis.com/overview?project=735213023668"}]}]}},"response":{"statusCode":403}},"exit":1,"message":"Request to https://compute.googleapis.com/compute/v1/projects/735213023668 had HTTP Error: 403, Compute Engine API has not been used in project 735213023668 before or it is disabled. Enable it by visiting https://console.developers.google.com/apis/api/compute.googleapis.com/overview?project=735213023668 then retry. If you enabled this API recently, wait a few minutes for the action to propagate to our systems and retry.","status":403}
[debug] [2026-04-05T14:38:06.331Z] Checked if tokens are valid: true, expires at: 1775402462479
[debug] [2026-04-05T14:38:06.331Z] Checked if tokens are valid: true, expires at: 1775402462479
[debug] [2026-04-05T14:38:06.332Z] >>> [apiv2][query] GET https://cloudbilling.googleapis.com/v1/projects/cricket-prediction-app-a0f1c/billingInfo [none]
[debug] [2026-04-05T14:38:08.065Z] <<< [apiv2][status] GET https://cloudbilling.googleapis.com/v1/projects/cricket-prediction-app-a0f1c/billingInfo 200
[debug] [2026-04-05T14:38:08.065Z] <<< [apiv2][body] GET https://cloudbilling.googleapis.com/v1/projects/cricket-prediction-app-a0f1c/billingInfo {"name":"projects/cricket-prediction-app-a0f1c/billingInfo","projectId":"cricket-prediction-app-a0f1c","billingAccountName":"billingAccounts/018633-AFC30C-C95204","billingEnabled":true}
[debug] [2026-04-05T14:38:08.072Z] Checked if tokens are valid: true, expires at: 1775402462479
[debug] [2026-04-05T14:38:08.072Z] Checked if tokens are valid: true, expires at: 1775402462479
[debug] [2026-04-05T14:38:08.073Z] >>> [apiv2][query] POST https://cloudfunctions.googleapis.com/v2/projects/cricket-prediction-app-a0f1c/locations/us-central1/functions:generateUploadUrl [none]
[debug] [2026-04-05T14:38:09.888Z] <<< [apiv2][status] POST https://cloudfunctions.googleapis.com/v2/projects/cricket-prediction-app-a0f1c/locations/us-central1/functions:generateUploadUrl 200
[debug] [2026-04-05T14:38:09.888Z] <<< [apiv2][body] POST https://cloudfunctions.googleapis.com/v2/projects/cricket-prediction-app-a0f1c/locations/us-central1/functions:generateUploadUrl {"uploadUrl":"https://storage.googleapis.com/gcf-v2-uploads-735213023668.us-central1.cloudfunctions.appspot.com/1a00685e-55c4-4b69-8971-6772ac24bd9e.zip?GoogleAccessId=service-735213023668@gcf-admin-robot.iam.gserviceaccount.com&Expires=1775401689&Signature=KUYZ3KMjC7JLSHriVBoCMYwii5se4ty%2BZgl3%2F4p0wGAFchrMd919%2FTqHOBZ5TPT%2BTAHMgxvEcv7eK68Fm19ArosGywYfIhD7HzW1HAH7fE6d6i0JSu%2FVXQsbTZdF6%2BfJxHCZ2F61iM1YhS0vXsMRQ5w7ou2B80kV4btcDgEufUYB1TeFRa0FwP1qFAUMCui5FW8DB%2BnRsQjrDRxR48GcNpERlb3b866RMpREnfcgpYrOzW93e1pHt17MQJ4EyWv2gAwRxmHoIP3U%2FXIf3ThUem0VlOG1tiY9tonlAuzpEkbtzX4b%2BQ1cFcc%2BIScEx%2BK7VEzjXTXYPTXFrAWi1rBYvQ%3D%3D","storageSource":{"bucket":"gcf-v2-uploads-735213023668.us-central1.cloudfunctions.appspot.com","object":"1a00685e-55c4-4b69-8971-6772ac24bd9e.zip"}}
[debug] [2026-04-05T14:38:09.893Z] >>> [apiv2][query] PUT https://storage.googleapis.com/gcf-v2-uploads-735213023668.us-central1.cloudfunctions.appspot.com/1a00685e-55c4-4b69-8971-6772ac24bd9e.zip GoogleAccessId=service-735213023668%40gcf-admin-robot.iam.gserviceaccount.com&Expires=1775401689&Signature=KUYZ3KMjC7JLSHriVBoCMYwii5se4ty%2BZgl3%2F4p0wGAFchrMd919%2FTqHOBZ5TPT%2BTAHMgxvEcv7eK68Fm19ArosGywYfIhD7HzW1HAH7fE6d6i0JSu%2FVXQsbTZdF6%2BfJxHCZ2F61iM1YhS0vXsMRQ5w7ou2B80kV4btcDgEufUYB1TeFRa0FwP1qFAUMCui5FW8DB%2BnRsQjrDRxR48GcNpERlb3b866RMpREnfcgpYrOzW93e1pHt17MQJ4EyWv2gAwRxmHoIP3U%2FXIf3ThUem0VlOG1tiY9tonlAuzpEkbtzX4b%2BQ1cFcc%2BIScEx%2BK7VEzjXTXYPTXFrAWi1rBYvQ%3D%3D
[debug] [2026-04-05T14:38:09.893Z] >>> [apiv2][body] PUT https://storage.googleapis.com/gcf-v2-uploads-735213023668.us-central1.cloudfunctions.appspot.com/1a00685e-55c4-4b69-8971-6772ac24bd9e.zip [stream]
[debug] [2026-04-05T14:38:11.615Z] <<< [apiv2][status] PUT https://storage.googleapis.com/gcf-v2-uploads-735213023668.us-central1.cloudfunctions.appspot.com/1a00685e-55c4-4b69-8971-6772ac24bd9e.zip 200
[debug] [2026-04-05T14:38:11.616Z] <<< [apiv2][body] PUT https://storage.googleapis.com/gcf-v2-uploads-735213023668.us-central1.cloudfunctions.appspot.com/1a00685e-55c4-4b69-8971-6772ac24bd9e.zip [omitted]
[info] ✔  functions: functions source uploaded successfully 
[info] i  functions: updating Node.js 22 (2nd Gen) function cricketMaster(us-central1)... 
[info] i  functions: updating Node.js 22 (2nd Gen) function predictMatch(us-central1)... 
[debug] [2026-04-05T14:38:11.639Z] Checked if tokens are valid: true, expires at: 1775402462479
[debug] [2026-04-05T14:38:11.639Z] Checked if tokens are valid: true, expires at: 1775402462479
[debug] [2026-04-05T14:38:11.641Z] Checked if tokens are valid: true, expires at: 1775402462479
[debug] [2026-04-05T14:38:11.641Z] Checked if tokens are valid: true, expires at: 1775402462479
[debug] [2026-04-05T14:38:11.643Z] >>> [apiv2][query] PATCH https://cloudfunctions.googleapis.com/v2/projects/cricket-prediction-app-a0f1c/locations/us-central1/functions/cricketMaster updateMask=name%2CbuildConfig.runtime%2CbuildConfig.entryPoint%2CbuildConfig.source.storageSource.bucket%2CbuildConfig.source.storageSource.object%2CbuildConfig.environmentVariables%2CbuildConfig.sourceToken%2CserviceConfig.environmentVariables%2CserviceConfig.ingressSettings%2CserviceConfig.timeoutSeconds%2CserviceConfig.serviceAccountEmail%2CserviceConfig.availableMemory%2CserviceConfig.minInstanceCount%2CserviceConfig.maxInstanceCount%2CserviceConfig.maxInstanceRequestConcurrency%2CserviceConfig.availableCpu%2CserviceConfig.vpcConnector%2CserviceConfig.vpcConnectorEgressSettings%2CserviceConfig.directVpcNetworkInterface%2CserviceConfig.directVpcEgress%2Clabels
[debug] [2026-04-05T14:38:11.644Z] >>> [apiv2][body] PATCH https://cloudfunctions.googleapis.com/v2/projects/cricket-prediction-app-a0f1c/locations/us-central1/functions/cricketMaster {"name":"projects/cricket-prediction-app-a0f1c/locations/us-central1/functions/cricketMaster","buildConfig":{"runtime":"nodejs22","entryPoint":"cricketMaster","source":{"storageSource":{"bucket":"gcf-v2-uploads-735213023668.us-central1.cloudfunctions.appspot.com","object":"1a00685e-55c4-4b69-8971-6772ac24bd9e.zip"}},"environmentVariables":{"GOOGLE_NODE_RUN_SCRIPTS":""}},"serviceConfig":{"environmentVariables":{"FIREBASE_CONFIG":"{\"projectId\":\"cricket-prediction-app-a0f1c\",\"databaseURL\":\"https://cricket-prediction-app-a0f1c-default-rtdb.firebaseio.com\",\"storageBucket\":\"cricket-prediction-app-a0f1c.firebasestorage.app\"}","GCLOUD_PROJECT":"cricket-prediction-app-a0f1c","EVENTARC_CLOUD_EVENT_SOURCE":"projects/cricket-prediction-app-a0f1c/locations/us-central1/services/cricketMaster","FUNCTION_TARGET":"cricketMaster","LOG_EXECUTION_ID":"true"},"ingressSettings":null,"timeoutSeconds":120,"serviceAccountEmail":null,"availableMemory":"256Mi","minInstanceCount":null,"maxInstanceCount":10,"maxInstanceRequestConcurrency":80,"availableCpu":"1","vpcConnector":null,"vpcConnectorEgressSettings":null,"directVpcNetworkInterface":null,"directVpcEgress":null},"labels":{"deployment-tool":"cli-firebase","deployment-scheduled":"true","firebase-functions-hash":"31e0fd2754e2aa50d2e6b5758dde99bdb962835f"}}
[debug] [2026-04-05T14:38:11.649Z] >>> [apiv2][query] PATCH https://cloudfunctions.googleapis.com/v2/projects/cricket-prediction-app-a0f1c/locations/us-central1/functions/predictMatch updateMask=name%2CbuildConfig.runtime%2CbuildConfig.entryPoint%2CbuildConfig.source.storageSource.bucket%2CbuildConfig.source.storageSource.object%2CbuildConfig.environmentVariables%2CbuildConfig.sourceToken%2CserviceConfig.environmentVariables%2CserviceConfig.secretEnvironmentVariables%2CserviceConfig.ingressSettings%2CserviceConfig.timeoutSeconds%2CserviceConfig.serviceAccountEmail%2CserviceConfig.availableMemory%2CserviceConfig.minInstanceCount%2CserviceConfig.maxInstanceCount%2CserviceConfig.maxInstanceRequestConcurrency%2CserviceConfig.availableCpu%2CserviceConfig.vpcConnector%2CserviceConfig.vpcConnectorEgressSettings%2CserviceConfig.directVpcNetworkInterface%2CserviceConfig.directVpcEgress%2Clabels
[debug] [2026-04-05T14:38:11.650Z] >>> [apiv2][body] PATCH https://cloudfunctions.googleapis.com/v2/projects/cricket-prediction-app-a0f1c/locations/us-central1/functions/predictMatch {"name":"projects/cricket-prediction-app-a0f1c/locations/us-central1/functions/predictMatch","buildConfig":{"runtime":"nodejs22","entryPoint":"predictMatch","source":{"storageSource":{"bucket":"gcf-v2-uploads-735213023668.us-central1.cloudfunctions.appspot.com","object":"1a00685e-55c4-4b69-8971-6772ac24bd9e.zip"}},"environmentVariables":{"GOOGLE_NODE_RUN_SCRIPTS":""}},"serviceConfig":{"environmentVariables":{"FIREBASE_CONFIG":"{\"projectId\":\"cricket-prediction-app-a0f1c\",\"databaseURL\":\"https://cricket-prediction-app-a0f1c-default-rtdb.firebaseio.com\",\"storageBucket\":\"cricket-prediction-app-a0f1c.firebasestorage.app\"}","GCLOUD_PROJECT":"cricket-prediction-app-a0f1c","EVENTARC_CLOUD_EVENT_SOURCE":"projects/cricket-prediction-app-a0f1c/locations/us-central1/services/predictMatch","FUNCTION_TARGET":"predictMatch","LOG_EXECUTION_ID":"true"},"secretEnvironmentVariables":[{"key":"FUNCTIONS_CONFIG_EXPORT","secret":"FUNCTIONS_CONFIG_EXPORT","projectId":"cricket-prediction-app-a0f1c","version":"1"}],"ingressSettings":null,"timeoutSeconds":null,"serviceAccountEmail":null,"availableMemory":"256Mi","minInstanceCount":null,"maxInstanceCount":10,"maxInstanceRequestConcurrency":80,"availableCpu":"1","vpcConnector":null,"vpcConnectorEgressSettings":null,"directVpcNetworkInterface":null,"directVpcEgress":null},"labels":{"deployment-tool":"cli-firebase","deployment-callable":"true","firebase-functions-hash":"c555c8e95290535888658079af9cbae92d701b44"}}
[debug] [2026-04-05T14:38:14.048Z] <<< [apiv2][status] PATCH https://cloudfunctions.googleapis.com/v2/projects/cricket-prediction-app-a0f1c/locations/us-central1/functions/cricketMaster 200
[debug] [2026-04-05T14:38:14.049Z] <<< [apiv2][body] PATCH https://cloudfunctions.googleapis.com/v2/projects/cricket-prediction-app-a0f1c/locations/us-central1/functions/cricketMaster {"name":"projects/cricket-prediction-app-a0f1c/locations/us-central1/operations/operation-1775399892942-64eb77ff3fe29-2d536bdb-48dbf728","metadata":{"@type":"type.googleapis.com/google.cloud.functions.v2.OperationMetadata","createTime":"2026-04-05T14:38:13.807053698Z","target":"projects/cricket-prediction-app-a0f1c/locations/us-central1/functions/cricketMaster","verb":"update","cancelRequested":false,"apiVersion":"v2"},"done":false}
[debug] [2026-04-05T14:38:14.052Z] Checked if tokens are valid: true, expires at: 1775402462479
[debug] [2026-04-05T14:38:14.053Z] Checked if tokens are valid: true, expires at: 1775402462479
[debug] [2026-04-05T14:38:14.055Z] >>> [apiv2][query] GET https://cloudfunctions.googleapis.com/v2/projects/cricket-prediction-app-a0f1c/locations/us-central1/operations/operation-1775399892942-64eb77ff3fe29-2d536bdb-48dbf728 [none]
[debug] [2026-04-05T14:38:14.505Z] <<< [apiv2][status] PATCH https://cloudfunctions.googleapis.com/v2/projects/cricket-prediction-app-a0f1c/locations/us-central1/functions/predictMatch 200
[debug] [2026-04-05T14:38:14.506Z] <<< [apiv2][body] PATCH https://cloudfunctions.googleapis.com/v2/projects/cricket-prediction-app-a0f1c/locations/us-central1/functions/predictMatch {"name":"projects/cricket-prediction-app-a0f1c/locations/us-central1/operations/operation-1775399893446-64eb77ffbb019-abdc5999-58a35a38","metadata":{"@type":"type.googleapis.com/google.cloud.functions.v2.OperationMetadata","createTime":"2026-04-05T14:38:14.274117592Z","target":"projects/cricket-prediction-app-a0f1c/locations/us-central1/functions/predictMatch","verb":"update","cancelRequested":false,"apiVersion":"v2"},"done":false}
[debug] [2026-04-05T14:38:14.506Z] Checked if tokens are valid: true, expires at: 1775402462479
[debug] [2026-04-05T14:38:14.507Z] Checked if tokens are valid: true, expires at: 1775402462479
[debug] [2026-04-05T14:38:14.507Z] >>> [apiv2][query] GET https://cloudfunctions.googleapis.com/v2/projects/cricket-prediction-app-a0f1c/locations/us-central1/operations/operation-1775399893446-64eb77ffbb019-abdc5999-58a35a38 [none]
[debug] [2026-04-05T14:38:15.627Z] <<< [apiv2][status] GET https://cloudfunctions.googleapis.com/v2/projects/cricket-prediction-app-a0f1c/locations/us-central1/operations/operation-1775399892942-64eb77ff3fe29-2d536bdb-48dbf728 200
[debug] [2026-04-05T14:38:15.627Z] <<< [apiv2][body] GET https://cloudfunctions.googleapis.com/v2/projects/cricket-prediction-app-a0f1c/locations/us-central1/operations/operation-1775399892942-64eb77ff3fe29-2d536bdb-48dbf728 {"name":"projects/cricket-prediction-app-a0f1c/locations/us-central1/operations/operation-1775399892942-64eb77ff3fe29-2d536bdb-48dbf728","metadata":{"@type":"type.googleapis.com/google.cloud.functions.v2.OperationMetadata","createTime":"2026-04-05T14:38:13.807053698Z","target":"projects/cricket-prediction-app-a0f1c/locations/us-central1/functions/cricketMaster","verb":"update","cancelRequested":false,"apiVersion":"v2","requestResource":{"@type":"type.googleapis.com/google.cloud.functions.v2.Function","name":"projects/cricket-prediction-app-a0f1c/locations/us-central1/functions/cricketMaster","buildConfig":{"runtime":"nodejs22","entryPoint":"cricketMaster","source":{"storageSource":{"bucket":"gcf-v2-sources-735213023668-us-central1","object":"cricketMaster/function-source.zip","generation":"1775399893738717"}},"environmentVariables":{"GOOGLE_NODE_RUN_SCRIPTS":""},"dockerRepository":"projects/cricket-prediction-app-a0f1c/locations/us-central1/repositories/gcf-artifacts","sourceProvenance":{"resolvedStorageSource":{"bucket":"gcf-v2-sources-735213023668-us-central1","object":"cricketMaster/function-source.zip","generation":"1775398895399727"}},"dockerRegistry":"ARTIFACT_REGISTRY","serviceAccount":"projects/cricket-prediction-app-a0f1c/serviceAccounts/735213023668-compute@developer.gserviceaccount.com","automaticUpdatePolicy":{}},"serviceConfig":{"service":"projects/cricket-prediction-app-a0f1c/locations/us-central1/services/cricketmaster","timeoutSeconds":120,"environmentVariables":{"FIREBASE_CONFIG":"{\"projectId\":\"cricket-prediction-app-a0f1c\",\"databaseURL\":\"https://cricket-prediction-app-a0f1c-default-rtdb.firebaseio.com\",\"storageBucket\":\"cricket-prediction-app-a0f1c.firebasestorage.app\"}","GCLOUD_PROJECT":"cricket-prediction-app-a0f1c","EVENTARC_CLOUD_EVENT_SOURCE":"projects/cricket-prediction-app-a0f1c/locations/us-central1/services/cricketMaster","FUNCTION_TARGET":"cricketMaster","LOG_EXECUTION_ID":"true"},"maxInstanceCount":10,"ingressSettings":"ALLOW_ALL","uri":"https://cricketmaster-bln23it7tq-uc.a.run.app","serviceAccountEmail":"735213023668-compute@developer.gserviceaccount.com","availableMemory":"256Mi","allTrafficOnLatestRevision":true,"revision":"cricketmaster-00008-qaw","maxInstanceRequestConcurrency":80,"availableCpu":"1"},"state":"ACTIVE","labels":{"deployment-tool":"cli-firebase","deployment-scheduled":"true","firebase-functions-hash":"31e0fd2754e2aa50d2e6b5758dde99bdb962835f"},"environment":"GEN_2","url":"https://us-central1-cricket-prediction-app-a0f1c.cloudfunctions.net/cricketMaster","satisfiesPzi":true},"stages":[{"name":"BUILD","message":"Build in progress","state":"IN_PROGRESS","resource":"projects/735213023668/locations/us-central1/builds/8c5f71fb-bcd3-41e0-bb23-0a8235df12b4","resourceUri":"https://console.cloud.google.com/cloud-build/builds;region=us-central1/8c5f71fb-bcd3-41e0-bb23-0a8235df12b4?project=735213023668"},{"name":"SERVICE","state":"NOT_STARTED"}],"operationType":"UPDATE_FUNCTION","buildName":"projects/735213023668/locations/us-central1/builds/8c5f71fb-bcd3-41e0-bb23-0a8235df12b4"},"done":false}
[debug] [2026-04-05T14:38:16.129Z] [update-default-us-central1-cricketMaster] Retrying task index 0
[debug] [2026-04-05T14:38:16.130Z] Checked if tokens are valid: true, expires at: 1775402462479
[debug] [2026-04-05T14:38:16.130Z] Checked if tokens are valid: true, expires at: 1775402462479
[debug] [2026-04-05T14:38:16.130Z] >>> [apiv2][query] GET https://cloudfunctions.googleapis.com/v2/projects/cricket-prediction-app-a0f1c/locations/us-central1/operations/operation-1775399892942-64eb77ff3fe29-2d536bdb-48dbf728 [none]
[debug] [2026-04-05T14:38:16.142Z] <<< [apiv2][status] GET https://cloudfunctions.googleapis.com/v2/projects/cricket-prediction-app-a0f1c/locations/us-central1/operations/operation-1775399893446-64eb77ffbb019-abdc5999-58a35a38 200
[debug] [2026-04-05T14:38:16.143Z] <<< [apiv2][body] GET https://cloudfunctions.googleapis.com/v2/projects/cricket-prediction-app-a0f1c/locations/us-central1/operations/operation-1775399893446-64eb77ffbb019-abdc5999-58a35a38 {"name":"projects/cricket-prediction-app-a0f1c/locations/us-central1/operations/operation-1775399893446-64eb77ffbb019-abdc5999-58a35a38","metadata":{"@type":"type.googleapis.com/google.cloud.functions.v2.OperationMetadata","createTime":"2026-04-05T14:38:14.274117592Z","target":"projects/cricket-prediction-app-a0f1c/locations/us-central1/functions/predictMatch","verb":"update","cancelRequested":false,"apiVersion":"v2","requestResource":{"@type":"type.googleapis.com/google.cloud.functions.v2.Function","name":"projects/cricket-prediction-app-a0f1c/locations/us-central1/functions/predictMatch","buildConfig":{"runtime":"nodejs22","entryPoint":"predictMatch","source":{"storageSource":{"bucket":"gcf-v2-sources-735213023668-us-central1","object":"predictMatch/function-source.zip","generation":"1775399894219868"}},"environmentVariables":{"GOOGLE_NODE_RUN_SCRIPTS":""},"dockerRepository":"projects/cricket-prediction-app-a0f1c/locations/us-central1/repositories/gcf-artifacts","sourceProvenance":{"resolvedStorageSource":{"bucket":"gcf-v2-sources-735213023668-us-central1","object":"predictMatch/function-source.zip","generation":"1775398895430585"}},"dockerRegistry":"ARTIFACT_REGISTRY","serviceAccount":"projects/cricket-prediction-app-a0f1c/serviceAccounts/735213023668-compute@developer.gserviceaccount.com","automaticUpdatePolicy":{}},"serviceConfig":{"service":"projects/cricket-prediction-app-a0f1c/locations/us-central1/services/predictmatch","timeoutSeconds":60,"environmentVariables":{"FIREBASE_CONFIG":"{\"projectId\":\"cricket-prediction-app-a0f1c\",\"databaseURL\":\"https://cricket-prediction-app-a0f1c-default-rtdb.firebaseio.com\",\"storageBucket\":\"cricket-prediction-app-a0f1c.firebasestorage.app\"}","GCLOUD_PROJECT":"cricket-prediction-app-a0f1c","EVENTARC_CLOUD_EVENT_SOURCE":"projects/cricket-prediction-app-a0f1c/locations/us-central1/services/predictMatch","FUNCTION_TARGET":"predictMatch","LOG_EXECUTION_ID":"true"},"maxInstanceCount":10,"ingressSettings":"ALLOW_ALL","uri":"https://predictmatch-bln23it7tq-uc.a.run.app","serviceAccountEmail":"735213023668-compute@developer.gserviceaccount.com","availableMemory":"256Mi","allTrafficOnLatestRevision":true,"secretEnvironmentVariables":[{"key":"FUNCTIONS_CONFIG_EXPORT","projectId":"cricket-prediction-app-a0f1c","secret":"FUNCTIONS_CONFIG_EXPORT","version":"1"}],"revision":"predictmatch-00016-dax","maxInstanceRequestConcurrency":80,"availableCpu":"1"},"state":"ACTIVE","labels":{"deployment-tool":"cli-firebase","deployment-callable":"true","firebase-functions-hash":"c555c8e95290535888658079af9cbae92d701b44"},"environment":"GEN_2","url":"https://us-central1-cricket-prediction-app-a0f1c.cloudfunctions.net/predictMatch","satisfiesPzi":true},"stages":[{"name":"BUILD","message":"Build in progress","state":"IN_PROGRESS","resource":"projects/735213023668/locations/us-central1/builds/fcebe04e-f2fd-49d0-a82c-f9cfba1ab84c","resourceUri":"https://console.cloud.google.com/cloud-build/builds;region=us-central1/fcebe04e-f2fd-49d0-a82c-f9cfba1ab84c?project=735213023668"},{"name":"SERVICE","state":"NOT_STARTED"}],"operationType":"UPDATE_FUNCTION","buildName":"projects/735213023668/locations/us-central1/builds/fcebe04e-f2fd-49d0-a82c-f9cfba1ab84c"},"done":false}
[debug] [2026-04-05T14:38:16.643Z] [update-default-us-central1-predictMatch] Retrying task index 0
[debug] [2026-04-05T14:38:16.644Z] Checked if tokens are valid: true, expires at: 1775402462479
[debug] [2026-04-05T14:38:16.645Z] Checked if tokens are valid: true, expires at: 1775402462479
[debug] [2026-04-05T14:38:16.645Z] >>> [apiv2][query] GET https://cloudfunctions.googleapis.com/v2/projects/cricket-prediction-app-a0f1c/locations/us-central1/operations/operation-1775399893446-64eb77ffbb019-abdc5999-58a35a38 [none]
[debug] [2026-04-05T14:38:17.727Z] <<< [apiv2][status] GET https://cloudfunctions.googleapis.com/v2/projects/cricket-prediction-app-a0f1c/locations/us-central1/operations/operation-1775399892942-64eb77ff3fe29-2d536bdb-48dbf728 200
[debug] [2026-04-05T14:38:17.728Z] <<< [apiv2][body] GET https://cloudfunctions.googleapis.com/v2/projects/cricket-prediction-app-a0f1c/locations/us-central1/operations/operation-1775399892942-64eb77ff3fe29-2d536bdb-48dbf728 {"name":"projects/cricket-prediction-app-a0f1c/locations/us-central1/operations/operation-1775399892942-64eb77ff3fe29-2d536bdb-48dbf728","metadata":{"@type":"type.googleapis.com/google.cloud.functions.v2.OperationMetadata","createTime":"2026-04-05T14:38:13.807053698Z","target":"projects/cricket-prediction-app-a0f1c/locations/us-central1/functions/cricketMaster","verb":"update","cancelRequested":false,"apiVersion":"v2","requestResource":{"@type":"type.googleapis.com/google.cloud.functions.v2.Function","name":"projects/cricket-prediction-app-a0f1c/locations/us-central1/functions/cricketMaster","buildConfig":{"runtime":"nodejs22","entryPoint":"cricketMaster","source":{"storageSource":{"bucket":"gcf-v2-sources-735213023668-us-central1","object":"cricketMaster/function-source.zip","generation":"1775399893738717"}},"environmentVariables":{"GOOGLE_NODE_RUN_SCRIPTS":""},"dockerRepository":"projects/cricket-prediction-app-a0f1c/locations/us-central1/repositories/gcf-artifacts","sourceProvenance":{"resolvedStorageSource":{"bucket":"gcf-v2-sources-735213023668-us-central1","object":"cricketMaster/function-source.zip","generation":"1775398895399727"}},"dockerRegistry":"ARTIFACT_REGISTRY","serviceAccount":"projects/cricket-prediction-app-a0f1c/serviceAccounts/735213023668-compute@developer.gserviceaccount.com","automaticUpdatePolicy":{}},"serviceConfig":{"service":"projects/cricket-prediction-app-a0f1c/locations/us-central1/services/cricketmaster","timeoutSeconds":120,"environmentVariables":{"FIREBASE_CONFIG":"{\"projectId\":\"cricket-prediction-app-a0f1c\",\"databaseURL\":\"https://cricket-prediction-app-a0f1c-default-rtdb.firebaseio.com\",\"storageBucket\":\"cricket-prediction-app-a0f1c.firebasestorage.app\"}","GCLOUD_PROJECT":"cricket-prediction-app-a0f1c","EVENTARC_CLOUD_EVENT_SOURCE":"projects/cricket-prediction-app-a0f1c/locations/us-central1/services/cricketMaster","FUNCTION_TARGET":"cricketMaster","LOG_EXECUTION_ID":"true"},"maxInstanceCount":10,"ingressSettings":"ALLOW_ALL","uri":"https://cricketmaster-bln23it7tq-uc.a.run.app","serviceAccountEmail":"735213023668-compute@developer.gserviceaccount.com","availableMemory":"256Mi","allTrafficOnLatestRevision":true,"revision":"cricketmaster-00008-qaw","maxInstanceRequestConcurrency":80,"availableCpu":"1"},"state":"ACTIVE","labels":{"deployment-tool":"cli-firebase","deployment-scheduled":"true","firebase-functions-hash":"31e0fd2754e2aa50d2e6b5758dde99bdb962835f"},"environment":"GEN_2","url":"https://us-central1-cricket-prediction-app-a0f1c.cloudfunctions.net/cricketMaster","satisfiesPzi":true},"stages":[{"name":"BUILD","message":"Build in progress","state":"IN_PROGRESS","resource":"projects/735213023668/locations/us-central1/builds/8c5f71fb-bcd3-41e0-bb23-0a8235df12b4","resourceUri":"https://console.cloud.google.com/cloud-build/builds;region=us-central1/8c5f71fb-bcd3-41e0-bb23-0a8235df12b4?project=735213023668"},{"name":"SERVICE","state":"NOT_STARTED"}],"operationType":"UPDATE_FUNCTION","buildName":"projects/735213023668/locations/us-central1/builds/8c5f71fb-bcd3-41e0-bb23-0a8235df12b4"},"done":false}
[debug] [2026-04-05T14:38:18.230Z] <<< [apiv2][status] GET https://cloudfunctions.googleapis.com/v2/projects/cricket-prediction-app-a0f1c/locations/us-central1/operations/operation-1775399893446-64eb77ffbb019-abdc5999-58a35a38 200
[debug] [2026-04-05T14:38:18.231Z] <<< [apiv2][body] GET https://cloudfunctions.googleapis.com/v2/projects/cricket-prediction-app-a0f1c/locations/us-central1/operations/operation-1775399893446-64eb77ffbb019-abdc5999-58a35a38 {"name":"projects/cricket-prediction-app-a0f1c/locations/us-central1/operations/operation-1775399893446-64eb77ffbb019-abdc5999-58a35a38","metadata":{"@type":"type.googleapis.com/google.cloud.functions.v2.OperationMetadata","createTime":"2026-04-05T14:38:14.274117592Z","target":"projects/cricket-prediction-app-a0f1c/locations/us-central1/functions/predictMatch","verb":"update","cancelRequested":false,"apiVersion":"v2","requestResource":{"@type":"type.googleapis.com/google.cloud.functions.v2.Function","name":"projects/cricket-prediction-app-a0f1c/locations/us-central1/functions/predictMatch","buildConfig":{"runtime":"nodejs22","entryPoint":"predictMatch","source":{"storageSource":{"bucket":"gcf-v2-sources-735213023668-us-central1","object":"predictMatch/function-source.zip","generation":"1775399894219868"}},"environmentVariables":{"GOOGLE_NODE_RUN_SCRIPTS":""},"dockerRepository":"projects/cricket-prediction-app-a0f1c/locations/us-central1/repositories/gcf-artifacts","sourceProvenance":{"resolvedStorageSource":{"bucket":"gcf-v2-sources-735213023668-us-central1","object":"predictMatch/function-source.zip","generation":"1775398895430585"}},"dockerRegistry":"ARTIFACT_REGISTRY","serviceAccount":"projects/cricket-prediction-app-a0f1c/serviceAccounts/735213023668-compute@developer.gserviceaccount.com","automaticUpdatePolicy":{}},"serviceConfig":{"service":"projects/cricket-prediction-app-a0f1c/locations/us-central1/services/predictmatch","timeoutSeconds":60,"environmentVariables":{"FIREBASE_CONFIG":"{\"projectId\":\"cricket-prediction-app-a0f1c\",\"databaseURL\":\"https://cricket-prediction-app-a0f1c-default-rtdb.firebaseio.com\",\"storageBucket\":\"cricket-prediction-app-a0f1c.firebasestorage.app\"}","GCLOUD_PROJECT":"cricket-prediction-app-a0f1c","EVENTARC_CLOUD_EVENT_SOURCE":"projects/cricket-prediction-app-a0f1c/locations/us-central1/services/predictMatch","FUNCTION_TARGET":"predictMatch","LOG_EXECUTION_ID":"true"},"maxInstanceCount":10,"ingressSettings":"ALLOW_ALL","uri":"https://predictmatch-bln23it7tq-uc.a.run.app","serviceAccountEmail":"735213023668-compute@developer.gserviceaccount.com","availableMemory":"256Mi","allTrafficOnLatestRevision":true,"secretEnvironmentVariables":[{"key":"FUNCTIONS_CONFIG_EXPORT","projectId":"cricket-prediction-app-a0f1c","secret":"FUNCTIONS_CONFIG_EXPORT","version":"1"}],"revision":"predictmatch-00016-dax","maxInstanceRequestConcurrency":80,"availableCpu":"1"},"state":"ACTIVE","labels":{"deployment-tool":"cli-firebase","deployment-callable":"true","firebase-functions-hash":"c555c8e95290535888658079af9cbae92d701b44"},"environment":"GEN_2","url":"https://us-central1-cricket-prediction-app-a0f1c.cloudfunctions.net/predictMatch","satisfiesPzi":true},"stages":[{"name":"BUILD","message":"Build in progress","state":"IN_PROGRESS","resource":"projects/735213023668/locations/us-central1/builds/fcebe04e-f2fd-49d0-a82c-f9cfba1ab84c","resourceUri":"https://console.cloud.google.com/cloud-build/builds;region=us-central1/fcebe04e-f2fd-49d0-a82c-f9cfba1ab84c?project=735213023668"},{"name":"SERVICE","state":"NOT_STARTED"}],"operationType":"UPDATE_FUNCTION","buildName":"projects/735213023668/locations/us-central1/builds/fcebe04e-f2fd-49d0-a82c-f9cfba1ab84c"},"done":false}
[debug] [2026-04-05T14:38:18.729Z] [update-default-us-central1-cricketMaster] Retrying task index 0
[debug] [2026-04-05T14:38:18.730Z] Checked if tokens are valid: true, expires at: 1775402462479
[debug] [2026-04-05T14:38:18.730Z] Checked if tokens are valid: true, expires at: 1775402462479
[debug] [2026-04-05T14:38:18.731Z] >>> [apiv2][query] GET https://cloudfunctions.googleapis.com/v2/projects/cricket-prediction-app-a0f1c/locations/us-central1/operations/operation-1775399892942-64eb77ff3fe29-2d536bdb-48dbf728 [none]
[debug] [2026-04-05T14:38:19.232Z] [update-default-us-central1-predictMatch] Retrying task index 0
[debug] [2026-04-05T14:38:19.233Z] Checked if tokens are valid: true, expires at: 1775402462479
[debug] [2026-04-05T14:38:19.234Z] Checked if tokens are valid: true, expires at: 1775402462479
[debug] [2026-04-05T14:38:19.234Z] >>> [apiv2][query] GET https://cloudfunctions.googleapis.com/v2/projects/cricket-prediction-app-a0f1c/locations/us-central1/operations/operation-1775399893446-64eb77ffbb019-abdc5999-58a35a38 [none]
[debug] [2026-04-05T14:38:20.415Z] <<< [apiv2][status] GET https://cloudfunctions.googleapis.com/v2/projects/cricket-prediction-app-a0f1c/locations/us-central1/operations/operation-1775399892942-64eb77ff3fe29-2d536bdb-48dbf728 200
[debug] [2026-04-05T14:38:20.416Z] <<< [apiv2][body] GET https://cloudfunctions.googleapis.com/v2/projects/cricket-prediction-app-a0f1c/locations/us-central1/operations/operation-1775399892942-64eb77ff3fe29-2d536bdb-48dbf728 {"name":"projects/cricket-prediction-app-a0f1c/locations/us-central1/operations/operation-1775399892942-64eb77ff3fe29-2d536bdb-48dbf728","metadata":{"@type":"type.googleapis.com/google.cloud.functions.v2.OperationMetadata","createTime":"2026-04-05T14:38:13.807053698Z","target":"projects/cricket-prediction-app-a0f1c/locations/us-central1/functions/cricketMaster","verb":"update","cancelRequested":false,"apiVersion":"v2","requestResource":{"@type":"type.googleapis.com/google.cloud.functions.v2.Function","name":"projects/cricket-prediction-app-a0f1c/locations/us-central1/functions/cricketMaster","buildConfig":{"runtime":"nodejs22","entryPoint":"cricketMaster","source":{"storageSource":{"bucket":"gcf-v2-sources-735213023668-us-central1","object":"cricketMaster/function-source.zip","generation":"1775399893738717"}},"environmentVariables":{"GOOGLE_NODE_RUN_SCRIPTS":""},"dockerRepository":"projects/cricket-prediction-app-a0f1c/locations/us-central1/repositories/gcf-artifacts","sourceProvenance":{"resolvedStorageSource":{"bucket":"gcf-v2-sources-735213023668-us-central1","object":"cricketMaster/function-source.zip","generation":"1775398895399727"}},"dockerRegistry":"ARTIFACT_REGISTRY","serviceAccount":"projects/cricket-prediction-app-a0f1c/serviceAccounts/735213023668-compute@developer.gserviceaccount.com","automaticUpdatePolicy":{}},"serviceConfig":{"service":"projects/cricket-prediction-app-a0f1c/locations/us-central1/services/cricketmaster","timeoutSeconds":120,"environmentVariables":{"FIREBASE_CONFIG":"{\"projectId\":\"cricket-prediction-app-a0f1c\",\"databaseURL\":\"https://cricket-prediction-app-a0f1c-default-rtdb.firebaseio.com\",\"storageBucket\":\"cricket-prediction-app-a0f1c.firebasestorage.app\"}","GCLOUD_PROJECT":"cricket-prediction-app-a0f1c","EVENTARC_CLOUD_EVENT_SOURCE":"projects/cricket-prediction-app-a0f1c/locations/us-central1/services/cricketMaster","FUNCTION_TARGET":"cricketMaster","LOG_EXECUTION_ID":"true"},"maxInstanceCount":10,"ingressSettings":"ALLOW_ALL","uri":"https://cricketmaster-bln23it7tq-uc.a.run.app","serviceAccountEmail":"735213023668-compute@developer.gserviceaccount.com","availableMemory":"256Mi","allTrafficOnLatestRevision":true,"revision":"cricketmaster-00008-qaw","maxInstanceRequestConcurrency":80,"availableCpu":"1"},"state":"ACTIVE","labels":{"deployment-tool":"cli-firebase","deployment-scheduled":"true","firebase-functions-hash":"31e0fd2754e2aa50d2e6b5758dde99bdb962835f"},"environment":"GEN_2","url":"https://us-central1-cricket-prediction-app-a0f1c.cloudfunctions.net/cricketMaster","satisfiesPzi":true},"stages":[{"name":"BUILD","message":"Build in progress","state":"IN_PROGRESS","resource":"projects/735213023668/locations/us-central1/builds/8c5f71fb-bcd3-41e0-bb23-0a8235df12b4","resourceUri":"https://console.cloud.google.com/cloud-build/builds;region=us-central1/8c5f71fb-bcd3-41e0-bb23-0a8235df12b4?project=735213023668"},{"name":"SERVICE","state":"NOT_STARTED"}],"operationType":"UPDATE_FUNCTION","buildName":"projects/735213023668/locations/us-central1/builds/8c5f71fb-bcd3-41e0-bb23-0a8235df12b4"},"done":false}
[debug] [2026-04-05T14:38:20.789Z] <<< [apiv2][status] GET https://cloudfunctions.googleapis.com/v2/projects/cricket-prediction-app-a0f1c/locations/us-central1/operations/operation-1775399893446-64eb77ffbb019-abdc5999-58a35a38 200
[debug] [2026-04-05T14:38:20.790Z] <<< [apiv2][body] GET https://cloudfunctions.googleapis.com/v2/projects/cricket-prediction-app-a0f1c/locations/us-central1/operations/operation-1775399893446-64eb77ffbb019-abdc5999-58a35a38 {"name":"projects/cricket-prediction-app-a0f1c/locations/us-central1/operations/operation-1775399893446-64eb77ffbb019-abdc5999-58a35a38","metadata":{"@type":"type.googleapis.com/google.cloud.functions.v2.OperationMetadata","createTime":"2026-04-05T14:38:14.274117592Z","target":"projects/cricket-prediction-app-a0f1c/locations/us-central1/functions/predictMatch","verb":"update","cancelRequested":false,"apiVersion":"v2","requestResource":{"@type":"type.googleapis.com/google.cloud.functions.v2.Function","name":"projects/cricket-prediction-app-a0f1c/locations/us-central1/functions/predictMatch","buildConfig":{"runtime":"nodejs22","entryPoint":"predictMatch","source":{"storageSource":{"bucket":"gcf-v2-sources-735213023668-us-central1","object":"predictMatch/function-source.zip","generation":"1775399894219868"}},"environmentVariables":{"GOOGLE_NODE_RUN_SCRIPTS":""},"dockerRepository":"projects/cricket-prediction-app-a0f1c/locations/us-central1/repositories/gcf-artifacts","sourceProvenance":{"resolvedStorageSource":{"bucket":"gcf-v2-sources-735213023668-us-central1","object":"predictMatch/function-source.zip","generation":"1775398895430585"}},"dockerRegistry":"ARTIFACT_REGISTRY","serviceAccount":"projects/cricket-prediction-app-a0f1c/serviceAccounts/735213023668-compute@developer.gserviceaccount.com","automaticUpdatePolicy":{}},"serviceConfig":{"service":"projects/cricket-prediction-app-a0f1c/locations/us-central1/services/predictmatch","timeoutSeconds":60,"environmentVariables":{"FIREBASE_CONFIG":"{\"projectId\":\"cricket-prediction-app-a0f1c\",\"databaseURL\":\"https://cricket-prediction-app-a0f1c-default-rtdb.firebaseio.com\",\"storageBucket\":\"cricket-prediction-app-a0f1c.firebasestorage.app\"}","GCLOUD_PROJECT":"cricket-prediction-app-a0f1c","EVENTARC_CLOUD_EVENT_SOURCE":"projects/cricket-prediction-app-a0f1c/locations/us-central1/services/predictMatch","FUNCTION_TARGET":"predictMatch","LOG_EXECUTION_ID":"true"},"maxInstanceCount":10,"ingressSettings":"ALLOW_ALL","uri":"https://predictmatch-bln23it7tq-uc.a.run.app","serviceAccountEmail":"735213023668-compute@developer.gserviceaccount.com","availableMemory":"256Mi","allTrafficOnLatestRevision":true,"secretEnvironmentVariables":[{"key":"FUNCTIONS_CONFIG_EXPORT","projectId":"cricket-prediction-app-a0f1c","secret":"FUNCTIONS_CONFIG_EXPORT","version":"1"}],"revision":"predictmatch-00016-dax","maxInstanceRequestConcurrency":80,"availableCpu":"1"},"state":"ACTIVE","labels":{"deployment-tool":"cli-firebase","deployment-callable":"true","firebase-functions-hash":"c555c8e95290535888658079af9cbae92d701b44"},"environment":"GEN_2","url":"https://us-central1-cricket-prediction-app-a0f1c.cloudfunctions.net/predictMatch","satisfiesPzi":true},"stages":[{"name":"BUILD","message":"Build in progress","state":"IN_PROGRESS","resource":"projects/735213023668/locations/us-central1/builds/fcebe04e-f2fd-49d0-a82c-f9cfba1ab84c","resourceUri":"https://console.cloud.google.com/cloud-build/builds;region=us-central1/fcebe04e-f2fd-49d0-a82c-f9cfba1ab84c?project=735213023668"},{"name":"SERVICE","state":"NOT_STARTED"}],"operationType":"UPDATE_FUNCTION","buildName":"projects/735213023668/locations/us-central1/builds/fcebe04e-f2fd-49d0-a82c-f9cfba1ab84c"},"done":false}
[debug] [2026-04-05T14:38:22.418Z] [update-default-us-central1-cricketMaster] Retrying task index 0
[debug] [2026-04-05T14:38:22.419Z] Checked if tokens are valid: true, expires at: 1775402462479
[debug] [2026-04-05T14:38:22.419Z] Checked if tokens are valid: true, expires at: 1775402462479
[debug] [2026-04-05T14:38:22.419Z] >>> [apiv2][query] GET https://cloudfunctions.googleapis.com/v2/projects/cricket-prediction-app-a0f1c/locations/us-central1/operations/operation-1775399892942-64eb77ff3fe29-2d536bdb-48dbf728 [none]
[debug] [2026-04-05T14:38:22.791Z] [update-default-us-central1-predictMatch] Retrying task index 0
[debug] [2026-04-05T14:38:22.792Z] Checked if tokens are valid: true, expires at: 1775402462479
[debug] [2026-04-05T14:38:22.792Z] Checked if tokens are valid: true, expires at: 1775402462479
[debug] [2026-04-05T14:38:22.793Z] >>> [apiv2][query] GET https://cloudfunctions.googleapis.com/v2/projects/cricket-prediction-app-a0f1c/locations/us-central1/operations/operation-1775399893446-64eb77ffbb019-abdc5999-58a35a38 [none]
[debug] [2026-04-05T14:38:22.832Z] <<< [apiv2][status] GET https://cloudfunctions.googleapis.com/v2/projects/cricket-prediction-app-a0f1c/locations/us-central1/operations/operation-1775399892942-64eb77ff3fe29-2d536bdb-48dbf728 200
[debug] [2026-04-05T14:38:22.833Z] <<< [apiv2][body] GET https://cloudfunctions.googleapis.com/v2/projects/cricket-prediction-app-a0f1c/locations/us-central1/operations/operation-1775399892942-64eb77ff3fe29-2d536bdb-48dbf728 {"name":"projects/cricket-prediction-app-a0f1c/locations/us-central1/operations/operation-1775399892942-64eb77ff3fe29-2d536bdb-48dbf728","metadata":{"@type":"type.googleapis.com/google.cloud.functions.v2.OperationMetadata","createTime":"2026-04-05T14:38:13.807053698Z","target":"projects/cricket-prediction-app-a0f1c/locations/us-central1/functions/cricketMaster","verb":"update","cancelRequested":false,"apiVersion":"v2","requestResource":{"@type":"type.googleapis.com/google.cloud.functions.v2.Function","name":"projects/cricket-prediction-app-a0f1c/locations/us-central1/functions/cricketMaster","buildConfig":{"runtime":"nodejs22","entryPoint":"cricketMaster","source":{"storageSource":{"bucket":"gcf-v2-sources-735213023668-us-central1","object":"cricketMaster/function-source.zip","generation":"1775399893738717"}},"environmentVariables":{"GOOGLE_NODE_RUN_SCRIPTS":""},"dockerRepository":"projects/cricket-prediction-app-a0f1c/locations/us-central1/repositories/gcf-artifacts","sourceProvenance":{"resolvedStorageSource":{"bucket":"gcf-v2-sources-735213023668-us-central1","object":"cricketMaster/function-source.zip","generation":"1775398895399727"}},"dockerRegistry":"ARTIFACT_REGISTRY","serviceAccount":"projects/cricket-prediction-app-a0f1c/serviceAccounts/735213023668-compute@developer.gserviceaccount.com","automaticUpdatePolicy":{}},"serviceConfig":{"service":"projects/cricket-prediction-app-a0f1c/locations/us-central1/services/cricketmaster","timeoutSeconds":120,"environmentVariables":{"FIREBASE_CONFIG":"{\"projectId\":\"cricket-prediction-app-a0f1c\",\"databaseURL\":\"https://cricket-prediction-app-a0f1c-default-rtdb.firebaseio.com\",\"storageBucket\":\"cricket-prediction-app-a0f1c.firebasestorage.app\"}","GCLOUD_PROJECT":"cricket-prediction-app-a0f1c","EVENTARC_CLOUD_EVENT_SOURCE":"projects/cricket-prediction-app-a0f1c/locations/us-central1/services/cricketMaster","FUNCTION_TARGET":"cricketMaster","LOG_EXECUTION_ID":"true"},"maxInstanceCount":10,"ingressSettings":"ALLOW_ALL","uri":"https://cricketmaster-bln23it7tq-uc.a.run.app","serviceAccountEmail":"735213023668-compute@developer.gserviceaccount.com","availableMemory":"256Mi","allTrafficOnLatestRevision":true,"revision":"cricketmaster-00008-qaw","maxInstanceRequestConcurrency":80,"availableCpu":"1"},"state":"ACTIVE","labels":{"deployment-tool":"cli-firebase","deployment-scheduled":"true","firebase-functions-hash":"31e0fd2754e2aa50d2e6b5758dde99bdb962835f"},"environment":"GEN_2","url":"https://us-central1-cricket-prediction-app-a0f1c.cloudfunctions.net/cricketMaster","satisfiesPzi":true},"stages":[{"name":"BUILD","message":"Build in progress","state":"IN_PROGRESS","resource":"projects/735213023668/locations/us-central1/builds/8c5f71fb-bcd3-41e0-bb23-0a8235df12b4","resourceUri":"https://console.cloud.google.com/cloud-build/builds;region=us-central1/8c5f71fb-bcd3-41e0-bb23-0a8235df12b4?project=735213023668"},{"name":"SERVICE","state":"NOT_STARTED"}],"operationType":"UPDATE_FUNCTION","buildName":"projects/735213023668/locations/us-central1/builds/8c5f71fb-bcd3-41e0-bb23-0a8235df12b4"},"done":false}
[debug] [2026-04-05T14:38:23.235Z] <<< [apiv2][status] GET https://cloudfunctions.googleapis.com/v2/projects/cricket-prediction-app-a0f1c/locations/us-central1/operations/operation-1775399893446-64eb77ffbb019-abdc5999-58a35a38 200
[debug] [2026-04-05T14:38:23.236Z] <<< [apiv2][body] GET https://cloudfunctions.googleapis.com/v2/projects/cricket-prediction-app-a0f1c/locations/us-central1/operations/operation-1775399893446-64eb77ffbb019-abdc5999-58a35a38 {"name":"projects/cricket-prediction-app-a0f1c/locations/us-central1/operations/operation-1775399893446-64eb77ffbb019-abdc5999-58a35a38","metadata":{"@type":"type.googleapis.com/google.cloud.functions.v2.OperationMetadata","createTime":"2026-04-05T14:38:14.274117592Z","target":"projects/cricket-prediction-app-a0f1c/locations/us-central1/functions/predictMatch","verb":"update","cancelRequested":false,"apiVersion":"v2","requestResource":{"@type":"type.googleapis.com/google.cloud.functions.v2.Function","name":"projects/cricket-prediction-app-a0f1c/locations/us-central1/functions/predictMatch","buildConfig":{"runtime":"nodejs22","entryPoint":"predictMatch","source":{"storageSource":{"bucket":"gcf-v2-sources-735213023668-us-central1","object":"predictMatch/function-source.zip","generation":"1775399894219868"}},"environmentVariables":{"GOOGLE_NODE_RUN_SCRIPTS":""},"dockerRepository":"projects/cricket-prediction-app-a0f1c/locations/us-central1/repositories/gcf-artifacts","sourceProvenance":{"resolvedStorageSource":{"bucket":"gcf-v2-sources-735213023668-us-central1","object":"predictMatch/function-source.zip","generation":"1775398895430585"}},"dockerRegistry":"ARTIFACT_REGISTRY","serviceAccount":"projects/cricket-prediction-app-a0f1c/serviceAccounts/735213023668-compute@developer.gserviceaccount.com","automaticUpdatePolicy":{}},"serviceConfig":{"service":"projects/cricket-prediction-app-a0f1c/locations/us-central1/services/predictmatch","timeoutSeconds":60,"environmentVariables":{"FIREBASE_CONFIG":"{\"projectId\":\"cricket-prediction-app-a0f1c\",\"databaseURL\":\"https://cricket-prediction-app-a0f1c-default-rtdb.firebaseio.com\",\"storageBucket\":\"cricket-prediction-app-a0f1c.firebasestorage.app\"}","GCLOUD_PROJECT":"cricket-prediction-app-a0f1c","EVENTARC_CLOUD_EVENT_SOURCE":"projects/cricket-prediction-app-a0f1c/locations/us-central1/services/predictMatch","FUNCTION_TARGET":"predictMatch","LOG_EXECUTION_ID":"true"},"maxInstanceCount":10,"ingressSettings":"ALLOW_ALL","uri":"https://predictmatch-bln23it7tq-uc.a.run.app","serviceAccountEmail":"735213023668-compute@developer.gserviceaccount.com","availableMemory":"256Mi","allTrafficOnLatestRevision":true,"secretEnvironmentVariables":[{"key":"FUNCTIONS_CONFIG_EXPORT","projectId":"cricket-prediction-app-a0f1c","secret":"FUNCTIONS_CONFIG_EXPORT","version":"1"}],"revision":"predictmatch-00016-dax","maxInstanceRequestConcurrency":80,"availableCpu":"1"},"state":"ACTIVE","labels":{"deployment-tool":"cli-firebase","deployment-callable":"true","firebase-functions-hash":"c555c8e95290535888658079af9cbae92d701b44"},"environment":"GEN_2","url":"https://us-central1-cricket-prediction-app-a0f1c.cloudfunctions.net/predictMatch","satisfiesPzi":true},"stages":[{"name":"BUILD","message":"Build in progress","state":"IN_PROGRESS","resource":"projects/735213023668/locations/us-central1/builds/fcebe04e-f2fd-49d0-a82c-f9cfba1ab84c","resourceUri":"https://console.cloud.google.com/cloud-build/builds;region=us-central1/fcebe04e-f2fd-49d0-a82c-f9cfba1ab84c?project=735213023668"},{"name":"SERVICE","state":"NOT_STARTED"}],"operationType":"UPDATE_FUNCTION","buildName":"projects/735213023668/locations/us-central1/builds/fcebe04e-f2fd-49d0-a82c-f9cfba1ab84c"},"done":false}
[debug] [2026-04-05T14:38:26.835Z] [update-default-us-central1-cricketMaster] Retrying task index 0
[debug] [2026-04-05T14:38:26.836Z] Checked if tokens are valid: true, expires at: 1775402462479
[debug] [2026-04-05T14:38:26.837Z] Checked if tokens are valid: true, expires at: 1775402462479
[debug] [2026-04-05T14:38:26.837Z] >>> [apiv2][query] GET https://cloudfunctions.googleapis.com/v2/projects/cricket-prediction-app-a0f1c/locations/us-central1/operations/operation-1775399892942-64eb77ff3fe29-2d536bdb-48dbf728 [none]
[debug] [2026-04-05T14:38:27.237Z] [update-default-us-central1-predictMatch] Retrying task index 0
[debug] [2026-04-05T14:38:27.239Z] Checked if tokens are valid: true, expires at: 1775402462479
[debug] [2026-04-05T14:38:27.239Z] Checked if tokens are valid: true, expires at: 1775402462479
[debug] [2026-04-05T14:38:27.240Z] >>> [apiv2][query] GET https://cloudfunctions.googleapis.com/v2/projects/cricket-prediction-app-a0f1c/locations/us-central1/operations/operation-1775399893446-64eb77ffbb019-abdc5999-58a35a38 [none]
[debug] [2026-04-05T14:38:28.313Z] <<< [apiv2][status] GET https://cloudfunctions.googleapis.com/v2/projects/cricket-prediction-app-a0f1c/locations/us-central1/operations/operation-1775399892942-64eb77ff3fe29-2d536bdb-48dbf728 200
[debug] [2026-04-05T14:38:28.313Z] <<< [apiv2][body] GET https://cloudfunctions.googleapis.com/v2/projects/cricket-prediction-app-a0f1c/locations/us-central1/operations/operation-1775399892942-64eb77ff3fe29-2d536bdb-48dbf728 {"name":"projects/cricket-prediction-app-a0f1c/locations/us-central1/operations/operation-1775399892942-64eb77ff3fe29-2d536bdb-48dbf728","metadata":{"@type":"type.googleapis.com/google.cloud.functions.v2.OperationMetadata","createTime":"2026-04-05T14:38:13.807053698Z","target":"projects/cricket-prediction-app-a0f1c/locations/us-central1/functions/cricketMaster","verb":"update","cancelRequested":false,"apiVersion":"v2","requestResource":{"@type":"type.googleapis.com/google.cloud.functions.v2.Function","name":"projects/cricket-prediction-app-a0f1c/locations/us-central1/functions/cricketMaster","buildConfig":{"runtime":"nodejs22","entryPoint":"cricketMaster","source":{"storageSource":{"bucket":"gcf-v2-sources-735213023668-us-central1","object":"cricketMaster/function-source.zip","generation":"1775399893738717"}},"environmentVariables":{"GOOGLE_NODE_RUN_SCRIPTS":""},"dockerRepository":"projects/cricket-prediction-app-a0f1c/locations/us-central1/repositories/gcf-artifacts","sourceProvenance":{"resolvedStorageSource":{"bucket":"gcf-v2-sources-735213023668-us-central1","object":"cricketMaster/function-source.zip","generation":"1775398895399727"}},"dockerRegistry":"ARTIFACT_REGISTRY","serviceAccount":"projects/cricket-prediction-app-a0f1c/serviceAccounts/735213023668-compute@developer.gserviceaccount.com","automaticUpdatePolicy":{}},"serviceConfig":{"service":"projects/cricket-prediction-app-a0f1c/locations/us-central1/services/cricketmaster","timeoutSeconds":120,"environmentVariables":{"FIREBASE_CONFIG":"{\"projectId\":\"cricket-prediction-app-a0f1c\",\"databaseURL\":\"https://cricket-prediction-app-a0f1c-default-rtdb.firebaseio.com\",\"storageBucket\":\"cricket-prediction-app-a0f1c.firebasestorage.app\"}","GCLOUD_PROJECT":"cricket-prediction-app-a0f1c","EVENTARC_CLOUD_EVENT_SOURCE":"projects/cricket-prediction-app-a0f1c/locations/us-central1/services/cricketMaster","FUNCTION_TARGET":"cricketMaster","LOG_EXECUTION_ID":"true"},"maxInstanceCount":10,"ingressSettings":"ALLOW_ALL","uri":"https://cricketmaster-bln23it7tq-uc.a.run.app","serviceAccountEmail":"735213023668-compute@developer.gserviceaccount.com","availableMemory":"256Mi","allTrafficOnLatestRevision":true,"revision":"cricketmaster-00008-qaw","maxInstanceRequestConcurrency":80,"availableCpu":"1"},"state":"ACTIVE","labels":{"deployment-tool":"cli-firebase","deployment-scheduled":"true","firebase-functions-hash":"31e0fd2754e2aa50d2e6b5758dde99bdb962835f"},"environment":"GEN_2","url":"https://us-central1-cricket-prediction-app-a0f1c.cloudfunctions.net/cricketMaster","satisfiesPzi":true},"stages":[{"name":"BUILD","message":"Build in progress","state":"IN_PROGRESS","resource":"projects/735213023668/locations/us-central1/builds/8c5f71fb-bcd3-41e0-bb23-0a8235df12b4","resourceUri":"https://console.cloud.google.com/cloud-build/builds;region=us-central1/8c5f71fb-bcd3-41e0-bb23-0a8235df12b4?project=735213023668"},{"name":"SERVICE","state":"NOT_STARTED"}],"operationType":"UPDATE_FUNCTION","buildName":"projects/735213023668/locations/us-central1/builds/8c5f71fb-bcd3-41e0-bb23-0a8235df12b4"},"done":false}
[debug] [2026-04-05T14:38:28.776Z] <<< [apiv2][status] GET https://cloudfunctions.googleapis.com/v2/projects/cricket-prediction-app-a0f1c/locations/us-central1/operations/operation-1775399893446-64eb77ffbb019-abdc5999-58a35a38 200
[debug] [2026-04-05T14:38:28.777Z] <<< [apiv2][body] GET https://cloudfunctions.googleapis.com/v2/projects/cricket-prediction-app-a0f1c/locations/us-central1/operations/operation-1775399893446-64eb77ffbb019-abdc5999-58a35a38 {"name":"projects/cricket-prediction-app-a0f1c/locations/us-central1/operations/operation-1775399893446-64eb77ffbb019-abdc5999-58a35a38","metadata":{"@type":"type.googleapis.com/google.cloud.functions.v2.OperationMetadata","createTime":"2026-04-05T14:38:14.274117592Z","target":"projects/cricket-prediction-app-a0f1c/locations/us-central1/functions/predictMatch","verb":"update","cancelRequested":false,"apiVersion":"v2","requestResource":{"@type":"type.googleapis.com/google.cloud.functions.v2.Function","name":"projects/cricket-prediction-app-a0f1c/locations/us-central1/functions/predictMatch","buildConfig":{"runtime":"nodejs22","entryPoint":"predictMatch","source":{"storageSource":{"bucket":"gcf-v2-sources-735213023668-us-central1","object":"predictMatch/function-source.zip","generation":"1775399894219868"}},"environmentVariables":{"GOOGLE_NODE_RUN_SCRIPTS":""},"dockerRepository":"projects/cricket-prediction-app-a0f1c/locations/us-central1/repositories/gcf-artifacts","sourceProvenance":{"resolvedStorageSource":{"bucket":"gcf-v2-sources-735213023668-us-central1","object":"predictMatch/function-source.zip","generation":"1775398895430585"}},"dockerRegistry":"ARTIFACT_REGISTRY","serviceAccount":"projects/cricket-prediction-app-a0f1c/serviceAccounts/735213023668-compute@developer.gserviceaccount.com","automaticUpdatePolicy":{}},"serviceConfig":{"service":"projects/cricket-prediction-app-a0f1c/locations/us-central1/services/predictmatch","timeoutSeconds":60,"environmentVariables":{"FIREBASE_CONFIG":"{\"projectId\":\"cricket-prediction-app-a0f1c\",\"databaseURL\":\"https://cricket-prediction-app-a0f1c-default-rtdb.firebaseio.com\",\"storageBucket\":\"cricket-prediction-app-a0f1c.firebasestorage.app\"}","GCLOUD_PROJECT":"cricket-prediction-app-a0f1c","EVENTARC_CLOUD_EVENT_SOURCE":"projects/cricket-prediction-app-a0f1c/locations/us-central1/services/predictMatch","FUNCTION_TARGET":"predictMatch","LOG_EXECUTION_ID":"true"},"maxInstanceCount":10,"ingressSettings":"ALLOW_ALL","uri":"https://predictmatch-bln23it7tq-uc.a.run.app","serviceAccountEmail":"735213023668-compute@developer.gserviceaccount.com","availableMemory":"256Mi","allTrafficOnLatestRevision":true,"secretEnvironmentVariables":[{"key":"FUNCTIONS_CONFIG_EXPORT","projectId":"cricket-prediction-app-a0f1c","secret":"FUNCTIONS_CONFIG_EXPORT","version":"1"}],"revision":"predictmatch-00016-dax","maxInstanceRequestConcurrency":80,"availableCpu":"1"},"state":"ACTIVE","labels":{"deployment-tool":"cli-firebase","deployment-callable":"true","firebase-functions-hash":"c555c8e95290535888658079af9cbae92d701b44"},"environment":"GEN_2","url":"https://us-central1-cricket-prediction-app-a0f1c.cloudfunctions.net/predictMatch","satisfiesPzi":true},"stages":[{"name":"BUILD","message":"Build in progress","state":"IN_PROGRESS","resource":"projects/735213023668/locations/us-central1/builds/fcebe04e-f2fd-49d0-a82c-f9cfba1ab84c","resourceUri":"https://console.cloud.google.com/cloud-build/builds;region=us-central1/fcebe04e-f2fd-49d0-a82c-f9cfba1ab84c?project=735213023668"},{"name":"SERVICE","state":"NOT_STARTED"}],"operationType":"UPDATE_FUNCTION","buildName":"projects/735213023668/locations/us-central1/builds/fcebe04e-f2fd-49d0-a82c-f9cfba1ab84c"},"done":false}
[debug] [2026-04-05T14:38:36.316Z] [update-default-us-central1-cricketMaster] Retrying task index 0
[debug] [2026-04-05T14:38:36.317Z] Checked if tokens are valid: true, expires at: 1775402462479
[debug] [2026-04-05T14:38:36.318Z] Checked if tokens are valid: true, expires at: 1775402462479
[debug] [2026-04-05T14:38:36.318Z] >>> [apiv2][query] GET https://cloudfunctions.googleapis.com/v2/projects/cricket-prediction-app-a0f1c/locations/us-central1/operations/operation-1775399892942-64eb77ff3fe29-2d536bdb-48dbf728 [none]
[debug] [2026-04-05T14:38:36.778Z] [update-default-us-central1-predictMatch] Retrying task index 0
[debug] [2026-04-05T14:38:36.779Z] Checked if tokens are valid: true, expires at: 1775402462479
[debug] [2026-04-05T14:38:36.779Z] Checked if tokens are valid: true, expires at: 1775402462479
[debug] [2026-04-05T14:38:36.780Z] >>> [apiv2][query] GET https://cloudfunctions.googleapis.com/v2/projects/cricket-prediction-app-a0f1c/locations/us-central1/operations/operation-1775399893446-64eb77ffbb019-abdc5999-58a35a38 [none]
[debug] [2026-04-05T14:38:38.046Z] <<< [apiv2][status] GET https://cloudfunctions.googleapis.com/v2/projects/cricket-prediction-app-a0f1c/locations/us-central1/operations/operation-1775399892942-64eb77ff3fe29-2d536bdb-48dbf728 200
[debug] [2026-04-05T14:38:38.046Z] <<< [apiv2][body] GET https://cloudfunctions.googleapis.com/v2/projects/cricket-prediction-app-a0f1c/locations/us-central1/operations/operation-1775399892942-64eb77ff3fe29-2d536bdb-48dbf728 {"name":"projects/cricket-prediction-app-a0f1c/locations/us-central1/operations/operation-1775399892942-64eb77ff3fe29-2d536bdb-48dbf728","metadata":{"@type":"type.googleapis.com/google.cloud.functions.v2.OperationMetadata","createTime":"2026-04-05T14:38:13.807053698Z","target":"projects/cricket-prediction-app-a0f1c/locations/us-central1/functions/cricketMaster","verb":"update","cancelRequested":false,"apiVersion":"v2","requestResource":{"@type":"type.googleapis.com/google.cloud.functions.v2.Function","name":"projects/cricket-prediction-app-a0f1c/locations/us-central1/functions/cricketMaster","buildConfig":{"runtime":"nodejs22","entryPoint":"cricketMaster","source":{"storageSource":{"bucket":"gcf-v2-sources-735213023668-us-central1","object":"cricketMaster/function-source.zip","generation":"1775399893738717"}},"environmentVariables":{"GOOGLE_NODE_RUN_SCRIPTS":""},"dockerRepository":"projects/cricket-prediction-app-a0f1c/locations/us-central1/repositories/gcf-artifacts","sourceProvenance":{"resolvedStorageSource":{"bucket":"gcf-v2-sources-735213023668-us-central1","object":"cricketMaster/function-source.zip","generation":"1775398895399727"}},"dockerRegistry":"ARTIFACT_REGISTRY","serviceAccount":"projects/cricket-prediction-app-a0f1c/serviceAccounts/735213023668-compute@developer.gserviceaccount.com","automaticUpdatePolicy":{}},"serviceConfig":{"service":"projects/cricket-prediction-app-a0f1c/locations/us-central1/services/cricketmaster","timeoutSeconds":120,"environmentVariables":{"FIREBASE_CONFIG":"{\"projectId\":\"cricket-prediction-app-a0f1c\",\"databaseURL\":\"https://cricket-prediction-app-a0f1c-default-rtdb.firebaseio.com\",\"storageBucket\":\"cricket-prediction-app-a0f1c.firebasestorage.app\"}","GCLOUD_PROJECT":"cricket-prediction-app-a0f1c","EVENTARC_CLOUD_EVENT_SOURCE":"projects/cricket-prediction-app-a0f1c/locations/us-central1/services/cricketMaster","FUNCTION_TARGET":"cricketMaster","LOG_EXECUTION_ID":"true"},"maxInstanceCount":10,"ingressSettings":"ALLOW_ALL","uri":"https://cricketmaster-bln23it7tq-uc.a.run.app","serviceAccountEmail":"735213023668-compute@developer.gserviceaccount.com","availableMemory":"256Mi","allTrafficOnLatestRevision":true,"revision":"cricketmaster-00008-qaw","maxInstanceRequestConcurrency":80,"availableCpu":"1"},"state":"ACTIVE","labels":{"deployment-tool":"cli-firebase","deployment-scheduled":"true","firebase-functions-hash":"31e0fd2754e2aa50d2e6b5758dde99bdb962835f"},"environment":"GEN_2","url":"https://us-central1-cricket-prediction-app-a0f1c.cloudfunctions.net/cricketMaster","satisfiesPzi":true},"stages":[{"name":"BUILD","message":"Build in progress","state":"IN_PROGRESS","resource":"projects/735213023668/locations/us-central1/builds/8c5f71fb-bcd3-41e0-bb23-0a8235df12b4","resourceUri":"https://console.cloud.google.com/cloud-build/builds;region=us-central1/8c5f71fb-bcd3-41e0-bb23-0a8235df12b4?project=735213023668"},{"name":"SERVICE","state":"NOT_STARTED"}],"operationType":"UPDATE_FUNCTION","buildName":"projects/735213023668/locations/us-central1/builds/8c5f71fb-bcd3-41e0-bb23-0a8235df12b4"},"done":false}
[debug] [2026-04-05T14:38:38.370Z] <<< [apiv2][status] GET https://cloudfunctions.googleapis.com/v2/projects/cricket-prediction-app-a0f1c/locations/us-central1/operations/operation-1775399893446-64eb77ffbb019-abdc5999-58a35a38 200
[debug] [2026-04-05T14:38:38.371Z] <<< [apiv2][body] GET https://cloudfunctions.googleapis.com/v2/projects/cricket-prediction-app-a0f1c/locations/us-central1/operations/operation-1775399893446-64eb77ffbb019-abdc5999-58a35a38 {"name":"projects/cricket-prediction-app-a0f1c/locations/us-central1/operations/operation-1775399893446-64eb77ffbb019-abdc5999-58a35a38","metadata":{"@type":"type.googleapis.com/google.cloud.functions.v2.OperationMetadata","createTime":"2026-04-05T14:38:14.274117592Z","target":"projects/cricket-prediction-app-a0f1c/locations/us-central1/functions/predictMatch","verb":"update","cancelRequested":false,"apiVersion":"v2","requestResource":{"@type":"type.googleapis.com/google.cloud.functions.v2.Function","name":"projects/cricket-prediction-app-a0f1c/locations/us-central1/functions/predictMatch","buildConfig":{"runtime":"nodejs22","entryPoint":"predictMatch","source":{"storageSource":{"bucket":"gcf-v2-sources-735213023668-us-central1","object":"predictMatch/function-source.zip","generation":"1775399894219868"}},"environmentVariables":{"GOOGLE_NODE_RUN_SCRIPTS":""},"dockerRepository":"projects/cricket-prediction-app-a0f1c/locations/us-central1/repositories/gcf-artifacts","sourceProvenance":{"resolvedStorageSource":{"bucket":"gcf-v2-sources-735213023668-us-central1","object":"predictMatch/function-source.zip","generation":"1775398895430585"}},"dockerRegistry":"ARTIFACT_REGISTRY","serviceAccount":"projects/cricket-prediction-app-a0f1c/serviceAccounts/735213023668-compute@developer.gserviceaccount.com","automaticUpdatePolicy":{}},"serviceConfig":{"service":"projects/cricket-prediction-app-a0f1c/locations/us-central1/services/predictmatch","timeoutSeconds":60,"environmentVariables":{"FIREBASE_CONFIG":"{\"projectId\":\"cricket-prediction-app-a0f1c\",\"databaseURL\":\"https://cricket-prediction-app-a0f1c-default-rtdb.firebaseio.com\",\"storageBucket\":\"cricket-prediction-app-a0f1c.firebasestorage.app\"}","GCLOUD_PROJECT":"cricket-prediction-app-a0f1c","EVENTARC_CLOUD_EVENT_SOURCE":"projects/cricket-prediction-app-a0f1c/locations/us-central1/services/predictMatch","FUNCTION_TARGET":"predictMatch","LOG_EXECUTION_ID":"true"},"maxInstanceCount":10,"ingressSettings":"ALLOW_ALL","uri":"https://predictmatch-bln23it7tq-uc.a.run.app","serviceAccountEmail":"735213023668-compute@developer.gserviceaccount.com","availableMemory":"256Mi","allTrafficOnLatestRevision":true,"secretEnvironmentVariables":[{"key":"FUNCTIONS_CONFIG_EXPORT","projectId":"cricket-prediction-app-a0f1c","secret":"FUNCTIONS_CONFIG_EXPORT","version":"1"}],"revision":"predictmatch-00016-dax","maxInstanceRequestConcurrency":80,"availableCpu":"1"},"state":"ACTIVE","labels":{"deployment-tool":"cli-firebase","deployment-callable":"true","firebase-functions-hash":"c555c8e95290535888658079af9cbae92d701b44"},"environment":"GEN_2","url":"https://us-central1-cricket-prediction-app-a0f1c.cloudfunctions.net/predictMatch","satisfiesPzi":true},"stages":[{"name":"BUILD","message":"Build in progress","state":"IN_PROGRESS","resource":"projects/735213023668/locations/us-central1/builds/fcebe04e-f2fd-49d0-a82c-f9cfba1ab84c","resourceUri":"https://console.cloud.google.com/cloud-build/builds;region=us-central1/fcebe04e-f2fd-49d0-a82c-f9cfba1ab84c?project=735213023668"},{"name":"SERVICE","state":"NOT_STARTED"}],"operationType":"UPDATE_FUNCTION","buildName":"projects/735213023668/locations/us-central1/builds/fcebe04e-f2fd-49d0-a82c-f9cfba1ab84c"},"done":false}
[debug] [2026-04-05T14:38:48.052Z] [update-default-us-central1-cricketMaster] Retrying task index 0
[debug] [2026-04-05T14:38:48.053Z] Checked if tokens are valid: true, expires at: 1775402462479
[debug] [2026-04-05T14:38:48.053Z] Checked if tokens are valid: true, expires at: 1775402462479
[debug] [2026-04-05T14:38:48.054Z] >>> [apiv2][query] GET https://cloudfunctions.googleapis.com/v2/projects/cricket-prediction-app-a0f1c/locations/us-central1/operations/operation-1775399892942-64eb77ff3fe29-2d536bdb-48dbf728 [none]
[debug] [2026-04-05T14:38:48.372Z] [update-default-us-central1-predictMatch] Retrying task index 0
[debug] [2026-04-05T14:38:48.373Z] Checked if tokens are valid: true, expires at: 1775402462479
[debug] [2026-04-05T14:38:48.373Z] Checked if tokens are valid: true, expires at: 1775402462479
[debug] [2026-04-05T14:38:48.373Z] >>> [apiv2][query] GET https://cloudfunctions.googleapis.com/v2/projects/cricket-prediction-app-a0f1c/locations/us-central1/operations/operation-1775399893446-64eb77ffbb019-abdc5999-58a35a38 [none]
[debug] [2026-04-05T14:38:48.379Z] *** [apiv2] error from fetch(https://cloudfunctions.googleapis.com/v2/projects/cricket-prediction-app-a0f1c/locations/us-central1/operations/operation-1775399893446-64eb77ffbb019-abdc5999-58a35a38, {"headers":{},"method":"GET"}): FetchError: request to https://cloudfunctions.googleapis.com/v2/projects/cricket-prediction-app-a0f1c/locations/us-central1/operations/operation-1775399893446-64eb77ffbb019-abdc5999-58a35a38 failed, reason: getaddrinfo EAI_AGAIN cloudfunctions.googleapis.com
[debug] [2026-04-05T14:38:58.385Z] [update-default-us-central1-predictMatch] Retrying task index 0
[debug] [2026-04-05T14:38:58.386Z] Checked if tokens are valid: true, expires at: 1775402462479
[debug] [2026-04-05T14:38:58.387Z] Checked if tokens are valid: true, expires at: 1775402462479
[debug] [2026-04-05T14:38:58.387Z] >>> [apiv2][query] GET https://cloudfunctions.googleapis.com/v2/projects/cricket-prediction-app-a0f1c/locations/us-central1/operations/operation-1775399893446-64eb77ffbb019-abdc5999-58a35a38 [none]
[debug] [2026-04-05T14:39:00.121Z] <<< [apiv2][status] GET https://cloudfunctions.googleapis.com/v2/projects/cricket-prediction-app-a0f1c/locations/us-central1/operations/operation-1775399893446-64eb77ffbb019-abdc5999-58a35a38 200
[debug] [2026-04-05T14:39:00.122Z] <<< [apiv2][body] GET https://cloudfunctions.googleapis.com/v2/projects/cricket-prediction-app-a0f1c/locations/us-central1/operations/operation-1775399893446-64eb77ffbb019-abdc5999-58a35a38 {"name":"projects/cricket-prediction-app-a0f1c/locations/us-central1/operations/operation-1775399893446-64eb77ffbb019-abdc5999-58a35a38","metadata":{"@type":"type.googleapis.com/google.cloud.functions.v2.OperationMetadata","createTime":"2026-04-05T14:38:14.274117592Z","target":"projects/cricket-prediction-app-a0f1c/locations/us-central1/functions/predictMatch","verb":"update","cancelRequested":false,"apiVersion":"v2","requestResource":{"@type":"type.googleapis.com/google.cloud.functions.v2.Function","name":"projects/cricket-prediction-app-a0f1c/locations/us-central1/functions/predictMatch","buildConfig":{"runtime":"nodejs22","entryPoint":"predictMatch","source":{"storageSource":{"bucket":"gcf-v2-sources-735213023668-us-central1","object":"predictMatch/function-source.zip","generation":"1775399894219868"}},"environmentVariables":{"GOOGLE_NODE_RUN_SCRIPTS":""},"dockerRepository":"projects/cricket-prediction-app-a0f1c/locations/us-central1/repositories/gcf-artifacts","sourceProvenance":{"resolvedStorageSource":{"bucket":"gcf-v2-sources-735213023668-us-central1","object":"predictMatch/function-source.zip","generation":"1775398895430585"}},"dockerRegistry":"ARTIFACT_REGISTRY","serviceAccount":"projects/cricket-prediction-app-a0f1c/serviceAccounts/735213023668-compute@developer.gserviceaccount.com","automaticUpdatePolicy":{}},"serviceConfig":{"service":"projects/cricket-prediction-app-a0f1c/locations/us-central1/services/predictmatch","timeoutSeconds":60,"environmentVariables":{"FIREBASE_CONFIG":"{\"projectId\":\"cricket-prediction-app-a0f1c\",\"databaseURL\":\"https://cricket-prediction-app-a0f1c-default-rtdb.firebaseio.com\",\"storageBucket\":\"cricket-prediction-app-a0f1c.firebasestorage.app\"}","GCLOUD_PROJECT":"cricket-prediction-app-a0f1c","EVENTARC_CLOUD_EVENT_SOURCE":"projects/cricket-prediction-app-a0f1c/locations/us-central1/services/predictMatch","FUNCTION_TARGET":"predictMatch","LOG_EXECUTION_ID":"true"},"maxInstanceCount":10,"ingressSettings":"ALLOW_ALL","uri":"https://predictmatch-bln23it7tq-uc.a.run.app","serviceAccountEmail":"735213023668-compute@developer.gserviceaccount.com","availableMemory":"256Mi","allTrafficOnLatestRevision":true,"secretEnvironmentVariables":[{"key":"FUNCTIONS_CONFIG_EXPORT","projectId":"cricket-prediction-app-a0f1c","secret":"FUNCTIONS_CONFIG_EXPORT","version":"1"}],"revision":"predictmatch-00016-dax","maxInstanceRequestConcurrency":80,"availableCpu":"1"},"state":"ACTIVE","labels":{"deployment-tool":"cli-firebase","deployment-callable":"true","firebase-functions-hash":"c555c8e95290535888658079af9cbae92d701b44"},"environment":"GEN_2","url":"https://us-central1-cricket-prediction-app-a0f1c.cloudfunctions.net/predictMatch","satisfiesPzi":true},"stages":[{"name":"BUILD","message":"Build in progress","state":"IN_PROGRESS","resource":"projects/735213023668/locations/us-central1/builds/fcebe04e-f2fd-49d0-a82c-f9cfba1ab84c","resourceUri":"https://console.cloud.google.com/cloud-build/builds;region=us-central1/fcebe04e-f2fd-49d0-a82c-f9cfba1ab84c?project=735213023668"},{"name":"SERVICE","state":"NOT_STARTED"}],"operationType":"UPDATE_FUNCTION","buildName":"projects/735213023668/locations/us-central1/builds/fcebe04e-f2fd-49d0-a82c-f9cfba1ab84c"},"done":false}
[debug] [2026-04-05T14:39:10.127Z] [update-default-us-central1-predictMatch] Retrying task index 0
[debug] [2026-04-05T14:39:10.128Z] Checked if tokens are valid: true, expires at: 1775402462479
[debug] [2026-04-05T14:39:10.129Z] Checked if tokens are valid: true, expires at: 1775402462479
[debug] [2026-04-05T14:39:10.130Z] >>> [apiv2][query] GET https://cloudfunctions.googleapis.com/v2/projects/cricket-prediction-app-a0f1c/locations/us-central1/operations/operation-1775399893446-64eb77ffbb019-abdc5999-58a35a38 [none]
[debug] [2026-04-05T14:55:28.954Z] *** [apiv2] error from fetch(https://cloudfunctions.googleapis.com/v2/projects/cricket-prediction-app-a0f1c/locations/us-central1/operations/operation-1775399892942-64eb77ff3fe29-2d536bdb-48dbf728, {"headers":{},"method":"GET"}): FetchError: request to https://cloudfunctions.googleapis.com/v2/projects/cricket-prediction-app-a0f1c/locations/us-central1/operations/operation-1775399892942-64eb77ff3fe29-2d536bdb-48dbf728 failed, reason: read ENETUNREACH
[debug] [2026-04-05T14:55:38.959Z] [update-default-us-central1-cricketMaster] Retrying task index 0
[debug] [2026-04-05T14:55:38.960Z] Checked if tokens are valid: true, expires at: 1775402462479
[debug] [2026-04-05T14:55:38.960Z] Checked if tokens are valid: true, expires at: 1775402462479
[debug] [2026-04-05T14:55:38.961Z] >>> [apiv2][query] GET https://cloudfunctions.googleapis.com/v2/projects/cricket-prediction-app-a0f1c/locations/us-central1/operations/operation-1775399892942-64eb77ff3fe29-2d536bdb-48dbf728 [none]
[debug] [2026-04-05T14:55:40.660Z] <<< [apiv2][status] GET https://cloudfunctions.googleapis.com/v2/projects/cricket-prediction-app-a0f1c/locations/us-central1/operations/operation-1775399892942-64eb77ff3fe29-2d536bdb-48dbf728 200
[debug] [2026-04-05T14:55:40.661Z] <<< [apiv2][body] GET https://cloudfunctions.googleapis.com/v2/projects/cricket-prediction-app-a0f1c/locations/us-central1/operations/operation-1775399892942-64eb77ff3fe29-2d536bdb-48dbf728 {"name":"projects/cricket-prediction-app-a0f1c/locations/us-central1/operations/operation-1775399892942-64eb77ff3fe29-2d536bdb-48dbf728","metadata":{"@type":"type.googleapis.com/google.cloud.functions.v2.OperationMetadata","createTime":"2026-04-05T14:38:13.807053698Z","endTime":"2026-04-05T14:39:31.986148930Z","target":"projects/cricket-prediction-app-a0f1c/locations/us-central1/functions/cricketMaster","verb":"update","cancelRequested":false,"apiVersion":"v2","requestResource":{"@type":"type.googleapis.com/google.cloud.functions.v2.Function","name":"projects/cricket-prediction-app-a0f1c/locations/us-central1/functions/cricketMaster","buildConfig":{"runtime":"nodejs22","entryPoint":"cricketMaster","source":{"storageSource":{"bucket":"gcf-v2-sources-735213023668-us-central1","object":"cricketMaster/function-source.zip","generation":"1775399893738717"}},"environmentVariables":{"GOOGLE_NODE_RUN_SCRIPTS":""},"dockerRepository":"projects/cricket-prediction-app-a0f1c/locations/us-central1/repositories/gcf-artifacts","sourceProvenance":{"resolvedStorageSource":{"bucket":"gcf-v2-sources-735213023668-us-central1","object":"cricketMaster/function-source.zip","generation":"1775398895399727"}},"dockerRegistry":"ARTIFACT_REGISTRY","serviceAccount":"projects/cricket-prediction-app-a0f1c/serviceAccounts/735213023668-compute@developer.gserviceaccount.com","automaticUpdatePolicy":{}},"serviceConfig":{"service":"projects/cricket-prediction-app-a0f1c/locations/us-central1/services/cricketmaster","timeoutSeconds":120,"environmentVariables":{"FIREBASE_CONFIG":"{\"projectId\":\"cricket-prediction-app-a0f1c\",\"databaseURL\":\"https://cricket-prediction-app-a0f1c-default-rtdb.firebaseio.com\",\"storageBucket\":\"cricket-prediction-app-a0f1c.firebasestorage.app\"}","GCLOUD_PROJECT":"cricket-prediction-app-a0f1c","EVENTARC_CLOUD_EVENT_SOURCE":"projects/cricket-prediction-app-a0f1c/locations/us-central1/services/cricketMaster","FUNCTION_TARGET":"cricketMaster","LOG_EXECUTION_ID":"true"},"maxInstanceCount":10,"ingressSettings":"ALLOW_ALL","uri":"https://cricketmaster-bln23it7tq-uc.a.run.app","serviceAccountEmail":"735213023668-compute@developer.gserviceaccount.com","availableMemory":"256Mi","allTrafficOnLatestRevision":true,"revision":"cricketmaster-00008-qaw","maxInstanceRequestConcurrency":80,"availableCpu":"1"},"state":"ACTIVE","labels":{"deployment-tool":"cli-firebase","deployment-scheduled":"true","firebase-functions-hash":"31e0fd2754e2aa50d2e6b5758dde99bdb962835f"},"environment":"GEN_2","url":"https://us-central1-cricket-prediction-app-a0f1c.cloudfunctions.net/cricketMaster","satisfiesPzi":true},"stages":[{"name":"BUILD","message":"Build finished","state":"COMPLETE","resource":"projects/735213023668/locations/us-central1/builds/8c5f71fb-bcd3-41e0-bb23-0a8235df12b4","resourceUri":"https://console.cloud.google.com/cloud-build/builds;region=us-central1/8c5f71fb-bcd3-41e0-bb23-0a8235df12b4?project=735213023668"},{"name":"SERVICE","message":"Updating Cloud Run service","state":"COMPLETE","resource":"projects/cricket-prediction-app-a0f1c/locations/us-central1/services/cricketmaster","resourceUri":"https://console.cloud.google.com/run/detail/us-central1/cricketmaster?project=cricket-prediction-app-a0f1c","stateMessages":[{"severity":"INFO","type":"CloudRunServiceNewRevisionTrafficInfo","message":"A new revision will be deployed serving with 100% traffic."}]}],"sourceToken":"Cldwcm9qZWN0cy83MzUyMTMwMjM2NjgvbG9jYXRpb25zL3VzLWNlbnRyYWwxL2J1aWxkcy84YzVmNzFmYi1iY2QzLTQxZTAtYmIyMy0wYTgyMzVkZjEyYjQSjQF1cy1jZW50cmFsMS1kb2NrZXIucGtnLmRldi9jcmlja2V0LXByZWRpY3Rpb24tYXBwLWEwZjFjL2djZi1hcnRpZmFjdHMvY3JpY2tldC0tcHJlZGljdGlvbi0tYXBwLS1hMGYxY19fdXMtLWNlbnRyYWwxX19jcmlja2V0X21hc3Rlcjp2ZXJzaW9uXzEYtOPx8LIVIlNwcm9qZWN0cy9jcmlja2V0LXByZWRpY3Rpb24tYXBwLWEwZjFjL2xvY2F0aW9ucy91cy1jZW50cmFsMS9mdW5jdGlvbnMvY3JpY2tldE1hc3RlcioMCIvoyc4GEOjl0Z0BMghub2RlanMyMjp2CiNnY3IuaW8vZ2FlLXJ1bnRpbWVzL25vZGVqczIyOnN0YWJsZRJPdXMtY2VudHJhbDEtZG9ja2VyLnBrZy5kZXYvc2VydmVybGVzcy1ydW50aW1lcy9nb29nbGUtMjItZnVsbC9ydW50aW1lcy9ub2RlanMyMkAB","operationType":"UPDATE_FUNCTION","buildName":"projects/735213023668/locations/us-central1/builds/8c5f71fb-bcd3-41e0-bb23-0a8235df12b4"},"done":true,"response":{"@type":"type.googleapis.com/google.cloud.functions.v2.Function","name":"projects/cricket-prediction-app-a0f1c/locations/us-central1/functions/cricketMaster","buildConfig":{"build":"projects/735213023668/locations/us-central1/builds/8c5f71fb-bcd3-41e0-bb23-0a8235df12b4","runtime":"nodejs22","entryPoint":"cricketMaster","source":{"storageSource":{"bucket":"gcf-v2-sources-735213023668-us-central1","object":"cricketMaster/function-source.zip","generation":"1775399893738717"}},"environmentVariables":{"GOOGLE_NODE_RUN_SCRIPTS":""},"dockerRepository":"projects/cricket-prediction-app-a0f1c/locations/us-central1/repositories/gcf-artifacts","sourceProvenance":{"resolvedStorageSource":{"bucket":"gcf-v2-sources-735213023668-us-central1","object":"cricketMaster/function-source.zip","generation":"1775399893738717"}},"dockerRegistry":"ARTIFACT_REGISTRY","serviceAccount":"projects/cricket-prediction-app-a0f1c/serviceAccounts/735213023668-compute@developer.gserviceaccount.com","automaticUpdatePolicy":{}},"serviceConfig":{"service":"projects/cricket-prediction-app-a0f1c/locations/us-central1/services/cricketmaster","timeoutSeconds":120,"environmentVariables":{"FIREBASE_CONFIG":"{\"projectId\":\"cricket-prediction-app-a0f1c\",\"databaseURL\":\"https://cricket-prediction-app-a0f1c-default-rtdb.firebaseio.com\",\"storageBucket\":\"cricket-prediction-app-a0f1c.firebasestorage.app\"}","GCLOUD_PROJECT":"cricket-prediction-app-a0f1c","EVENTARC_CLOUD_EVENT_SOURCE":"projects/cricket-prediction-app-a0f1c/locations/us-central1/services/cricketMaster","FUNCTION_TARGET":"cricketMaster","LOG_EXECUTION_ID":"true"},"maxInstanceCount":10,"ingressSettings":"ALLOW_ALL","uri":"https://cricketmaster-bln23it7tq-uc.a.run.app","serviceAccountEmail":"735213023668-compute@developer.gserviceaccount.com","availableMemory":"256Mi","allTrafficOnLatestRevision":true,"revision":"cricketmaster-00009-miy","maxInstanceRequestConcurrency":80,"availableCpu":"1"},"state":"ACTIVE","updateTime":"2026-04-05T14:38:13.809496218Z","labels":{"deployment-scheduled":"true","firebase-functions-hash":"31e0fd2754e2aa50d2e6b5758dde99bdb962835f","deployment-tool":"cli-firebase"},"environment":"GEN_2","url":"https://us-central1-cricket-prediction-app-a0f1c.cloudfunctions.net/cricketMaster","createTime":"2026-03-22T15:02:51.075059490Z","satisfiesPzi":true}}
[debug] [2026-04-05T14:55:40.661Z] Got source token Cldwcm9qZWN0cy83MzUyMTMwMjM2NjgvbG9jYXRpb25zL3VzLWNlbnRyYWwxL2J1aWxkcy84YzVmNzFmYi1iY2QzLTQxZTAtYmIyMy0wYTgyMzVkZjEyYjQSjQF1cy1jZW50cmFsMS1kb2NrZXIucGtnLmRldi9jcmlja2V0LXByZWRpY3Rpb24tYXBwLWEwZjFjL2djZi1hcnRpZmFjdHMvY3JpY2tldC0tcHJlZGljdGlvbi0tYXBwLS1hMGYxY19fdXMtLWNlbnRyYWwxX19jcmlja2V0X21hc3Rlcjp2ZXJzaW9uXzEYtOPx8LIVIlNwcm9qZWN0cy9jcmlja2V0LXByZWRpY3Rpb24tYXBwLWEwZjFjL2xvY2F0aW9ucy91cy1jZW50cmFsMS9mdW5jdGlvbnMvY3JpY2tldE1hc3RlcioMCIvoyc4GEOjl0Z0BMghub2RlanMyMjp2CiNnY3IuaW8vZ2FlLXJ1bnRpbWVzL25vZGVqczIyOnN0YWJsZRJPdXMtY2VudHJhbDEtZG9ja2VyLnBrZy5kZXYvc2VydmVybGVzcy1ydW50aW1lcy9nb29nbGUtMjItZnVsbC9ydW50aW1lcy9ub2RlanMyMkAB for region us-central1
[debug] [2026-04-05T14:55:40.662Z] Checked if tokens are valid: true, expires at: 1775402462479
[debug] [2026-04-05T14:55:40.662Z] Checked if tokens are valid: true, expires at: 1775402462479
[debug] [2026-04-05T14:55:40.662Z] >>> [apiv2][query] GET https://compute.googleapis.com/compute/v1/projects/735213023668 [none]
[debug] [2026-04-05T14:55:41.216Z] <<< [apiv2][status] GET https://compute.googleapis.com/compute/v1/projects/735213023668 403
[debug] [2026-04-05T14:55:41.217Z] <<< [apiv2][body] GET https://compute.googleapis.com/compute/v1/projects/735213023668 {"error":{"code":403,"message":"Compute Engine API has not been used in project 735213023668 before or it is disabled. Enable it by visiting https://console.developers.google.com/apis/api/compute.googleapis.com/overview?project=735213023668 then retry. If you enabled this API recently, wait a few minutes for the action to propagate to our systems and retry.","errors":[{"message":"Compute Engine API has not been used in project 735213023668 before or it is disabled. Enable it by visiting https://console.developers.google.com/apis/api/compute.googleapis.com/overview?project=735213023668 then retry. If you enabled this API recently, wait a few minutes for the action to propagate to our systems and retry.","domain":"usageLimits","reason":"accessNotConfigured","extendedHelp":"https://console.developers.google.com"}],"status":"PERMISSION_DENIED","details":[{"@type":"type.googleapis.com/google.rpc.ErrorInfo","reason":"SERVICE_DISABLED","domain":"googleapis.com","metadata":{"consumer":"projects/735213023668","serviceTitle":"Compute Engine API","service":"compute.googleapis.com","containerInfo":"735213023668","activationUrl":"https://console.developers.google.com/apis/api/compute.googleapis.com/overview?project=735213023668"}},{"@type":"type.googleapis.com/google.rpc.LocalizedMessage","locale":"en-US","message":"Compute Engine API has not been used in project 735213023668 before or it is disabled. Enable it by visiting https://console.developers.google.com/apis/api/compute.googleapis.com/overview?project=735213023668 then retry. If you enabled this API recently, wait a few minutes for the action to propagate to our systems and retry."},{"@type":"type.googleapis.com/google.rpc.Help","links":[{"description":"Google developers console API activation","url":"https://console.developers.google.com/apis/api/compute.googleapis.com/overview?project=735213023668"}]}]}}
[debug] [2026-04-05T14:55:41.217Z] unable to look up default compute service account. Falling back to 735213023668-compute@developer.gserviceaccount.com. Error: {"name":"FirebaseError","children":[],"context":{"body":{"error":{"code":403,"message":"Compute Engine API has not been used in project 735213023668 before or it is disabled. Enable it by visiting https://console.developers.google.com/apis/api/compute.googleapis.com/overview?project=735213023668 then retry. If you enabled this API recently, wait a few minutes for the action to propagate to our systems and retry.","errors":[{"message":"Compute Engine API has not been used in project 735213023668 before or it is disabled. Enable it by visiting https://console.developers.google.com/apis/api/compute.googleapis.com/overview?project=735213023668 then retry. If you enabled this API recently, wait a few minutes for the action to propagate to our systems and retry.","domain":"usageLimits","reason":"accessNotConfigured","extendedHelp":"https://console.developers.google.com"}],"status":"PERMISSION_DENIED","details":[{"@type":"type.googleapis.com/google.rpc.ErrorInfo","reason":"SERVICE_DISABLED","domain":"googleapis.com","metadata":{"consumer":"projects/735213023668","serviceTitle":"Compute Engine API","service":"compute.googleapis.com","containerInfo":"735213023668","activationUrl":"https://console.developers.google.com/apis/api/compute.googleapis.com/overview?project=735213023668"}},{"@type":"type.googleapis.com/google.rpc.LocalizedMessage","locale":"en-US","message":"Compute Engine API has not been used in project 735213023668 before or it is disabled. Enable it by visiting https://console.developers.google.com/apis/api/compute.googleapis.com/overview?project=735213023668 then retry. If you enabled this API recently, wait a few minutes for the action to propagate to our systems and retry."},{"@type":"type.googleapis.com/google.rpc.Help","links":[{"description":"Google developers console API activation","url":"https://console.developers.google.com/apis/api/compute.googleapis.com/overview?project=735213023668"}]}]}},"response":{"statusCode":403}},"exit":1,"message":"Request to https://compute.googleapis.com/compute/v1/projects/735213023668 had HTTP Error: 403, Compute Engine API has not been used in project 735213023668 before or it is disabled. Enable it by visiting https://console.developers.google.com/apis/api/compute.googleapis.com/overview?project=735213023668 then retry. If you enabled this API recently, wait a few minutes for the action to propagate to our systems and retry.","status":403}
[debug] [2026-04-05T14:55:41.218Z] Checked if tokens are valid: true, expires at: 1775402462479
[debug] [2026-04-05T14:55:41.219Z] Checked if tokens are valid: true, expires at: 1775402462479
[debug] [2026-04-05T14:55:41.219Z] >>> [apiv2][query] GET https://run.googleapis.com/v1/projects/cricket-prediction-app-a0f1c/locations/us-central1/services/cricketmaster:getIamPolicy [none]
[debug] [2026-04-05T14:55:43.174Z] <<< [apiv2][status] GET https://run.googleapis.com/v1/projects/cricket-prediction-app-a0f1c/locations/us-central1/services/cricketmaster:getIamPolicy 200
[debug] [2026-04-05T14:55:43.175Z] <<< [apiv2][body] GET https://run.googleapis.com/v1/projects/cricket-prediction-app-a0f1c/locations/us-central1/services/cricketmaster:getIamPolicy {"version":1,"etag":"BwZNnjwJRwY=","bindings":[{"role":"roles/run.invoker","members":["serviceAccount:735213023668-compute@developer.gserviceaccount.com"]}]}
[debug] [2026-04-05T14:55:43.182Z] Checked if tokens are valid: true, expires at: 1775402462479
[debug] [2026-04-05T14:55:43.183Z] Checked if tokens are valid: true, expires at: 1775402462479
[debug] [2026-04-05T14:55:43.184Z] >>> [apiv2][query] GET https://compute.googleapis.com/compute/v1/projects/735213023668 [none]
[debug] [2026-04-05T14:55:43.505Z] <<< [apiv2][status] GET https://compute.googleapis.com/compute/v1/projects/735213023668 403
[debug] [2026-04-05T14:55:43.506Z] <<< [apiv2][body] GET https://compute.googleapis.com/compute/v1/projects/735213023668 {"error":{"code":403,"message":"Compute Engine API has not been used in project 735213023668 before or it is disabled. Enable it by visiting https://console.developers.google.com/apis/api/compute.googleapis.com/overview?project=735213023668 then retry. If you enabled this API recently, wait a few minutes for the action to propagate to our systems and retry.","errors":[{"message":"Compute Engine API has not been used in project 735213023668 before or it is disabled. Enable it by visiting https://console.developers.google.com/apis/api/compute.googleapis.com/overview?project=735213023668 then retry. If you enabled this API recently, wait a few minutes for the action to propagate to our systems and retry.","domain":"usageLimits","reason":"accessNotConfigured","extendedHelp":"https://console.developers.google.com"}],"status":"PERMISSION_DENIED","details":[{"@type":"type.googleapis.com/google.rpc.ErrorInfo","reason":"SERVICE_DISABLED","domain":"googleapis.com","metadata":{"activationUrl":"https://console.developers.google.com/apis/api/compute.googleapis.com/overview?project=735213023668","serviceTitle":"Compute Engine API","consumer":"projects/735213023668","service":"compute.googleapis.com","containerInfo":"735213023668"}},{"@type":"type.googleapis.com/google.rpc.LocalizedMessage","locale":"en-US","message":"Compute Engine API has not been used in project 735213023668 before or it is disabled. Enable it by visiting https://console.developers.google.com/apis/api/compute.googleapis.com/overview?project=735213023668 then retry. If you enabled this API recently, wait a few minutes for the action to propagate to our systems and retry."},{"@type":"type.googleapis.com/google.rpc.Help","links":[{"description":"Google developers console API activation","url":"https://console.developers.google.com/apis/api/compute.googleapis.com/overview?project=735213023668"}]}]}}
[debug] [2026-04-05T14:55:43.507Z] unable to look up default compute service account. Falling back to 735213023668-compute@developer.gserviceaccount.com. Error: {"name":"FirebaseError","children":[],"context":{"body":{"error":{"code":403,"message":"Compute Engine API has not been used in project 735213023668 before or it is disabled. Enable it by visiting https://console.developers.google.com/apis/api/compute.googleapis.com/overview?project=735213023668 then retry. If you enabled this API recently, wait a few minutes for the action to propagate to our systems and retry.","errors":[{"message":"Compute Engine API has not been used in project 735213023668 before or it is disabled. Enable it by visiting https://console.developers.google.com/apis/api/compute.googleapis.com/overview?project=735213023668 then retry. If you enabled this API recently, wait a few minutes for the action to propagate to our systems and retry.","domain":"usageLimits","reason":"accessNotConfigured","extendedHelp":"https://console.developers.google.com"}],"status":"PERMISSION_DENIED","details":[{"@type":"type.googleapis.com/google.rpc.ErrorInfo","reason":"SERVICE_DISABLED","domain":"googleapis.com","metadata":{"activationUrl":"https://console.developers.google.com/apis/api/compute.googleapis.com/overview?project=735213023668","serviceTitle":"Compute Engine API","consumer":"projects/735213023668","service":"compute.googleapis.com","containerInfo":"735213023668"}},{"@type":"type.googleapis.com/google.rpc.LocalizedMessage","locale":"en-US","message":"Compute Engine API has not been used in project 735213023668 before or it is disabled. Enable it by visiting https://console.developers.google.com/apis/api/compute.googleapis.com/overview?project=735213023668 then retry. If you enabled this API recently, wait a few minutes for the action to propagate to our systems and retry."},{"@type":"type.googleapis.com/google.rpc.Help","links":[{"description":"Google developers console API activation","url":"https://console.developers.google.com/apis/api/compute.googleapis.com/overview?project=735213023668"}]}]}},"response":{"statusCode":403}},"exit":1,"message":"Request to https://compute.googleapis.com/compute/v1/projects/735213023668 had HTTP Error: 403, Compute Engine API has not been used in project 735213023668 before or it is disabled. Enable it by visiting https://console.developers.google.com/apis/api/compute.googleapis.com/overview?project=735213023668 then retry. If you enabled this API recently, wait a few minutes for the action to propagate to our systems and retry.","status":403}
[debug] [2026-04-05T14:55:43.510Z] Checked if tokens are valid: true, expires at: 1775402462479
[debug] [2026-04-05T14:55:43.511Z] Checked if tokens are valid: true, expires at: 1775402462479
[debug] [2026-04-05T14:55:43.511Z] >>> [apiv2][query] GET https://cloudscheduler.googleapis.com/v1/projects/cricket-prediction-app-a0f1c/locations/us-central1/jobs/firebase-schedule-cricketMaster-us-central1 [none]
[debug] [2026-04-05T14:55:45.401Z] <<< [apiv2][status] GET https://cloudscheduler.googleapis.com/v1/projects/cricket-prediction-app-a0f1c/locations/us-central1/jobs/firebase-schedule-cricketMaster-us-central1 200
[debug] [2026-04-05T14:55:45.402Z] <<< [apiv2][body] GET https://cloudscheduler.googleapis.com/v1/projects/cricket-prediction-app-a0f1c/locations/us-central1/jobs/firebase-schedule-cricketMaster-us-central1 {"name":"projects/cricket-prediction-app-a0f1c/locations/us-central1/jobs/firebase-schedule-cricketMaster-us-central1","httpTarget":{"uri":"https://cricketmaster-bln23it7tq-uc.a.run.app/","httpMethod":"POST","headers":{"User-Agent":"Google-Cloud-Scheduler"},"oidcToken":{"serviceAccountEmail":"735213023668-compute@developer.gserviceaccount.com","audience":"https://cricketmaster-bln23it7tq-uc.a.run.app/"}},"userUpdateTime":"2026-04-05T13:04:04.432078Z","state":"ENABLED","status":{},"scheduleTime":"2026-04-05T14:56:02.940574Z","lastAttemptTime":"2026-04-05T14:55:03.233389Z","schedule":"every 1 minutes","timeZone":"UTC","attemptDeadline":"180s"}
[debug] [2026-04-05T14:55:45.403Z] scheduler job firebase-schedule-cricketMaster-us-central1 is up to date, no changes required
[info] ✔  functions[cricketMaster(us-central1)] Successful update operation. 
[debug] Task index 0 failed: timed out after 1500000ms.
[error] Task index 0 failed: timed out after 1500000ms.
[debug] [2026-04-05T15:03:14.517Z] Total Function Deployment time: 1502882
[debug] [2026-04-05T15:03:14.517Z] 2 Functions Deployed
[debug] [2026-04-05T15:03:14.517Z] 1 Functions Errored
[debug] [2026-04-05T15:03:14.517Z] 0 Function Deployments Aborted
[debug] [2026-04-05T15:03:14.518Z] Average Function Deployment time: 1278323.5
[info] 
[info] Functions deploy had errors with the following functions:
	predictMatch(us-central1)
[debug] [2026-04-05T15:03:14.827Z] Checked if tokens are valid: true, expires at: 1775402462479
[debug] [2026-04-05T15:03:14.827Z] Checked if tokens are valid: true, expires at: 1775402462479
[debug] [2026-04-05T15:03:14.827Z] >>> [apiv2][query] GET https://artifactregistry.googleapis.com/v1/projects/cricket-prediction-app-a0f1c/locations/us-central1/repositories/gcf-artifacts [none]
[debug] [2026-04-05T15:03:16.471Z] <<< [apiv2][status] GET https://artifactregistry.googleapis.com/v1/projects/cricket-prediction-app-a0f1c/locations/us-central1/repositories/gcf-artifacts 200
[debug] [2026-04-05T15:03:16.471Z] <<< [apiv2][body] GET https://artifactregistry.googleapis.com/v1/projects/cricket-prediction-app-a0f1c/locations/us-central1/repositories/gcf-artifacts {"name":"projects/cricket-prediction-app-a0f1c/locations/us-central1/repositories/gcf-artifacts","format":"DOCKER","description":"This repository is created and used by Cloud Functions for storing function docker images.","labels":{"goog-managed-by":"cloudfunctions"},"createTime":"2026-02-21T11:37:34.558710Z","updateTime":"2026-04-05T14:47:13.670263Z","mode":"STANDARD_REPOSITORY","cleanupPolicies":{"firebase-functions-cleanup":{"id":"firebase-functions-cleanup","action":"DELETE","condition":{"tagState":"ANY","olderThan":"86400s"}}},"sizeBytes":"757835593","vulnerabilityScanningConfig":{"lastEnableTime":"2026-02-21T11:37:26.502797262Z","enablementState":"SCANNING_DISABLED","enablementStateReason":"API containerscanning.googleapis.com is not enabled."},"satisfiesPzi":true,"registryUri":"us-central1-docker.pkg.dev/cricket-prediction-app-a0f1c/gcf-artifacts"}
[debug] [2026-04-05T15:03:16.472Z] Functions deploy failed.
[debug] [2026-04-05T15:03:16.473Z] {
  "endpoint": {
    "id": "predictMatch",
    "project": "cricket-prediction-app-a0f1c",
    "region": "us-central1",
    "entryPoint": "predictMatch",
    "platform": "gcfv2",
    "runtime": "nodejs22",
    "callableTrigger": {},
    "labels": {
      "deployment-tool": "cli-firebase"
    },
    "secretEnvironmentVariables": [
      {
        "key": "FUNCTIONS_CONFIG_EXPORT",
        "secret": "FUNCTIONS_CONFIG_EXPORT",
        "projectId": "cricket-prediction-app-a0f1c",
        "version": "1"
      }
    ],
    "serviceAccount": null,
    "ingressSettings": null,
    "availableMemoryMb": null,
    "timeoutSeconds": null,
    "maxInstances": 10,
    "minInstances": null,
    "concurrency": 80,
    "vpc": null,
    "environmentVariables": {
      "FIREBASE_CONFIG": "{\"projectId\":\"cricket-prediction-app-a0f1c\",\"databaseURL\":\"https://cricket-prediction-app-a0f1c-default-rtdb.firebaseio.com\",\"storageBucket\":\"cricket-prediction-app-a0f1c.firebasestorage.app\"}",
      "GCLOUD_PROJECT": "cricket-prediction-app-a0f1c",
      "EVENTARC_CLOUD_EVENT_SOURCE": "projects/cricket-prediction-app-a0f1c/locations/us-central1/services/predictMatch",
      "FUNCTION_TARGET": "predictMatch",
      "LOG_EXECUTION_ID": "true"
    },
    "codebase": "default",
    "runServiceId": "predictmatch",
    "cpu": 1,
    "securityLevel": "SECURE_ALWAYS",
    "targetedByOnly": false,
    "hash": "c555c8e95290535888658079af9cbae92d701b44"
  },
  "op": "update",
  "original": {
    "name": "FirebaseError",
    "children": [],
    "exit": 1,
    "message": "Task index 0 failed: timed out after 1500000ms.",
    "status": 500,
    "level": "debug",
    "code": 500
  }
}
[debug] [2026-04-05T15:03:16.611Z] Error: Failed to update function predictMatch in region us-central1
    at /home/anil/.nvm/versions/node/v20.20.1/lib/node_modules/firebase-tools/lib/deploy/functions/release/fabricator.js:441:19
    at async Fabricator.updateV2Function (/home/anil/.nvm/versions/node/v20.20.1/lib/node_modules/firebase-tools/lib/deploy/functions/release/fabricator.js:425:32)
    at async Fabricator.updateEndpoint (/home/anil/.nvm/versions/node/v20.20.1/lib/node_modules/firebase-tools/lib/deploy/functions/release/fabricator.js:161:13)
    at async handle (/home/anil/.nvm/versions/node/v20.20.1/lib/node_modules/firebase-tools/lib/deploy/functions/release/fabricator.js:92:17)
[error] 
[error] Error: There was an error deploying functions
